type,path,old,new,id
檔案,Aviation Slides/30 60 90 Day Plan Powerpoint Infographics,30 60 90 Days Plan.pptx,30-60-90天計畫資訊圖表_30 60 90 Days Plan.pptx,1V14ynIK7_JtI4tOMI8LMSUjZkSW7AwdW
檔案,Aviation Slides/30 60 90 Day Plan Powerpoint Infographics,Read Me - Font Link.pdf,字型說明_Read Me - Font Link.pdf,1Gsq-RPN6AEDI4NPQJZvgWq2Xl-JlGnKx
檔案,Aviation Slides/3D Powerpoint Infographics,3D Infographics.pptx,3D立體資訊圖表_3D Infographics.pptx,1Kr5t4-hPpXcPydU1VCPkYYpqYau3mbb5
檔案,Aviation Slides/3D Powerpoint Infographics,Read Me - Fonts Links.pdf,字型說明_Read Me - Fonts Links.pdf,1H7oPexKypwoUMWIoMJ9MiniMcSfQV0JK
檔案,Aviation Slides/5 STEPS Slides,5 STEPS Slides Powerpoint Template.pptx,五步驟簡報_5 STEPS Slides Powerpoint Template.pptx,1QUhh5t5F2rVz_V3_SVbwmCt9pOIT7axi
檔案,Aviation Slides/5 STEPS Slides,Read me - Fonts links.rtf,字型說明_Read me - Fonts links.rtf,1hEBnR84cGhY0rbdLPD5mRI_Gkk86aZeu
檔案,Aviation Slides/5G Powerpoint Infographics,5G Slides.pptx,5G通訊簡報_5G Slides.pptx,1a-MRn8t5-XrgH1oZN0uFnoRQCzCQz9VF
檔案,Aviation Slides/5G Powerpoint Infographics,Read Me - Fonts Links.pdf,字型說明_Read Me - Fonts Links.pdf,1deq6YDhw6Bqsa74iNZXs-eiAjigcoa5O
檔案,Aviation Slides/AIDA Powerpoint Infographics,AIDA Model Infographics.pptx,AIDA行銷模型資訊圖表_AIDA Model Infographics.pptx,1kM4pEa31JyRruAnRX1joMLlsvlJLYr7k
檔案,Aviation Slides/AIDA Powerpoint Infographics,Read Me - Fonts Links.pdf,字型說明_Read Me - Fonts Links.pdf,1lGtuENyUA1ujlb-UBHpu83FqhQOTs6yB
檔案,Aviation Slides/Africa Map Powerpoint Infographics,Africa Map Infographics.pptx,非洲地圖資訊圖表_Africa Map Infographics.pptx,15GZoLqP5AdsZ86z47QlYIBH6RQN9AuwO
檔案,Aviation Slides/Africa Map Powerpoint Infographics,Read Me - Fonts Links.pdf,字型說明_Read Me - Fonts Links.pdf,1iiJSmdtOsi0_jys5D7qq8Fn2SwSQCst0
檔案,Aviation Slides/Agenda Powerpoint Infographics,Agenda Powerpoint Slides.pptx,議程簡報_Agenda Powerpoint Slides.pptx,19SSFrrO_8Ugxo8l5czhihv7k0AVdou7v
檔案,Aviation Slides/Agenda Powerpoint Infographics,Agenda Slides.pptx,議程簡報_Agenda Slides.pptx,1laSVlE2UB7AL3LikUi0_z08s5b50vfsP
檔案,Aviation Slides/Agenda Powerpoint Infographics,Read Me - Fonts Links.pdf,字型說明_Read Me - Fonts Links.pdf,1xefRjlNtSsHrnjZSR9IMrCZpzLWK71TB
檔案,Aviation Slides/Agenda Powerpoint Infographics,Read me - Fonts links.rtf,字型說明_Read me - Fonts links.rtf,1GtGYGk3f5r9pxOQbxi6_ga7cmguuBw8W
檔案,Aviation Slides/Agile Powerpoint Infographics,Agile Methodology.pptx,敏捷開發方法資訊圖表_Agile Methodology.pptx,1ydwty4KzHz5dtFNtPVvH-6Bqt236VVHz
檔案,Aviation Slides/Agile Powerpoint Infographics,Agile Slides PowerPoint Template.pptx,敏捷開發簡報_Agile Slides PowerPoint Template.pptx,1XuQ8wJnxUpKSqCEnRAxzW8ISe31tN814
檔案,Aviation Slides/Agile Powerpoint Infographics,Read Me - Fonts Links.pdf,字型說明_Read Me - Fonts Links.pdf,1uM2DlLd_LLCKwomywzb_8R03H43Ahyiq
檔案,Aviation Slides/Agile Powerpoint Infographics,Read me - Fonts links.rtf,字型說明_Read me - Fonts links.rtf,1as2zRlusIRqwtrlWzF_1JJ6M8oEITfui
檔案,Aviation Slides/Agriculture Powerpoint Infographics,Agriculture Slides.pptx,農業簡報_Agriculture Slides.pptx,165q21-txRHb09imsaIeXMZTHVPPfQLwZ
檔案,Aviation Slides/Agriculture Powerpoint Infographics,Read Me - Fonts Links.pdf,字型說明_Read Me - Fonts Links.pdf,1UNPJaMi22thyh97a-dLH-rfrHIT5fsje
檔案,Aviation Slides/Alphabet Powerpoint Infographics,Alphabet Infographics.pptx,英文字母資訊圖表_Alphabet Infographics.pptx,1fLSLd12XHhGtkKc5AhXNxEgds87bEaoI
檔案,Aviation Slides/Alphabet Powerpoint Infographics,Read Me - Fonts Links.pdf,字型說明_Read Me - Fonts Links.pdf,1SrNjhqj-sleRqyP8Gxh_vTdYjtKveju7
檔案,Aviation Slides/Anatomy Powerpoint Infographics,Anatomy Slides.pptx,人體解剖簡報_Anatomy Slides.pptx,1LvC9GCNCdODMj3lS7fP4VIHwnaFr8eUm
檔案,Aviation Slides/Anatomy Powerpoint Infographics,Read Me - Fonts Links.pdf,字型說明_Read Me - Fonts Links.pdf,16K4tBGbp3FPysYBU_xodzMthjFGaaQXE
檔案,Aviation Slides/Annual Report Powerpoint Infographics,Annual Report Slides.pptx,年度報告簡報_Annual Report Slides.pptx,1FZTflijLTbwC_TZTkyWThQv0xR6TbQGI
檔案,Aviation Slides/Annual Report Powerpoint Infographics,Read Me - Fonts Links.pdf,字型說明_Read Me - Fonts Links.pdf,103QTna5qYGQaTiOa19jRoFTaEEqC_EJK
檔案,Aviation Slides/Arrow Powerpoint Infographics,Arrow Infographics.pptx,箭頭資訊圖表_Arrow Infographics.pptx,1HPEdMjd03lWAIIyKhJROuiFmlsazopMr
檔案,Aviation Slides/Arrow Powerpoint Infographics,Read Me - Fonts Links.pdf,字型說明_Read Me - Fonts Links.pdf,1_4QlWrFFmyTxfdA7uYi0HWdzIVtKDgtK
檔案,Aviation Slides/Arrow Slides,Arrow Powerpoint Template.pptx,箭頭簡報_Arrow Powerpoint Template.pptx,1Zkn3gEaokfZG8emA3rs47X_DWtV9mFwf
檔案,Aviation Slides/Arrow Slides,Read me - Fonts links.rtf,字型說明_Read me - Fonts links.rtf,1WOQcLYJS2TxaU6qJjIoMGNTWnEMkk7yB
檔案,Aviation Slides/Artificial Intelligence Powerpoint Infographics,Artificial Intelligence Slides.pptx,人工智慧簡報-1_Artificial Intelligence Slides.pptx,1E-qRyMEwN50BnXD5f17UaftaxX1zBsmP
檔案,Aviation Slides/Artificial Intelligence Powerpoint Infographics,Read Me - Fonts Links.pdf,字型說明_Read Me - Fonts Links.pdf,1h5Y-7ZbdUdRZ2XJhYkbF_w7ZbSnjokNn
檔案,Aviation Slides/Artificial Intelligence Slides,Artificial Intelligence Slides.pptx,人工智慧簡報-2_Artificial Intelligence Slides.pptx,1wYKaGlhyMMXDoxFqVXnK8nmxSUx0P3xG
檔案,Aviation Slides/Artificial Intelligence Slides,Read Me - Fonts Links.pdf,字型說明_Read Me - Fonts Links.pdf,1GktwFVNP71882fBtGTIOC4CwiqllnglX
檔案,Aviation Slides/Asia Map Powerpoint Infographics,Asia Map Infographics.pptx,亞洲地圖資訊圖表_Asia Map Infographics.pptx,1MP3aF2zZqMiyQ3d1o6J0AzniiQYFVmuI
檔案,Aviation Slides/Asia Map Powerpoint Infographics,Read Me - Fonts Links.pdf,字型說明_Read Me - Fonts Links.pdf,1E3XTYfnF7zflhS7dzi9ftinywfCp7oTh
檔案,Aviation Slides/Aviation Powerpoint Infographics,Aviation Infographics.pptx,航空資訊圖表-1_Aviation Infographics.pptx,1ArYMSdgZTcwWAlHdCvksrW97aVJhLctt
檔案,Aviation Slides/Aviation Powerpoint Infographics,Read Me - Fonts Links.pdf,字型說明_Read Me - Fonts Links.pdf,1kyrWGoL3tctkakdT_xPBNAilCrF6AY10
檔案,Aviation Slides/Aviation Slides,Aviation Infographics.pptx,航空資訊圖表-2_Aviation Infographics.pptx,1_xrY1biYlsdbmpXzeRZlE1yPJ2zYs4CH
檔案,Aviation Slides/Aviation Slides,Read Me - Font Link.pdf,字型說明_Read Me - Font Link.pdf,1gEKAQnBoTR3u_tKgrjY1jnmsMy5O2b_K
檔案,Cycle Slides/Big Data Powerpoint Infographics,Big Data Infographics.pptx,大數據資訊圖表-1_Big Data Infographics.pptx,1fM3QE0Z-8bnewFa1w5x5IIlgqaO_UZgG
檔案,Cycle Slides/Big Data Powerpoint Infographics,Read Me - Fonts Links.pdf,字型說明_Read Me - Fonts Links.pdf,1EY8UtCWZPB_JRzNSB328iljtqAp_ll8l
檔案,Cycle Slides/Big Data Slides,Big Data Infographics.pptx,大數據資訊圖表-2_Big Data Infographics.pptx,12jQFhPBU01ukQLLpaQNxAmrwF9f5NA0O
檔案,Cycle Slides/Big Data Slides,Read Me - Fonts Links.pdf,字型說明_Read Me - Fonts Links.pdf,1NnkvD8j7OyTyVFXy3D9x7ZGjNhTwPRmR
檔案,Cycle Slides/Blue Ocean Strategy Powerpoint Infographics,Blue Ocean Strategy.pptx,藍海策略資訊圖表_Blue Ocean Strategy.pptx,1ffCwTdugM7Xe8z5tZf-UNnnYgPzerh7S
檔案,Cycle Slides/Blue Ocean Strategy Powerpoint Infographics,Read Me - Fonts Links.pdf,字型說明_Read Me - Fonts Links.pdf,1peY0BAdghQz6OnbDUvUOlaNyTJQWAoSv
檔案,Cycle Slides/Blue Ocean Strategy Slides,Blue Ocean Strategy.pptx,藍海策略簡報_Blue Ocean Strategy.pptx,1eBdib1FTsIqiEJJvYLKI9Z5xt5j_g927
檔案,Cycle Slides/Blue Ocean Strategy Slides,Read Me - Fonts Links.pdf,字型說明_Read Me - Fonts Links.pdf,1sWI9alp_1eF9a3pO2dup_PaJPdHWdTpm
檔案,Cycle Slides/Brain Powerpoint Infographics,Brain Infographics.pptx,大腦資訊圖表-1_Brain Infographics.pptx,1RZrcJJsWP-73MGALaDQxlt2bhioC6Ejd
檔案,Cycle Slides/Brain Powerpoint Infographics,Read Me - Fonts Links.pdf,字型說明_Read Me - Fonts Links.pdf,1ii3amKWDXfb6dpZ-ngJPsM6e28T0TF9D
檔案,Cycle Slides/Brain Slides/Brain Slides V1 Template,Brain Powerpoint Slides.pptx,大腦簡報_Brain Powerpoint Slides.pptx,1Q18oQyau-OIG4-OkNHLWy9_4JE13Y873
檔案,Cycle Slides/Brain Slides/Brain Slides V1 Template,Read me - Fonts links.rtf,字型說明_Read me - Fonts links.rtf,1j2iThWbDR7dcfLjHQKK1yOE5GB1-H10P
檔案,Cycle Slides/Brain Slides/Brain Slides V2 Template,Brain Infographics.pptx,大腦資訊圖表-2_Brain Infographics.pptx,1owaM05HSlxUaF8Ew2yOihP8feHY-EGZ_
檔案,Cycle Slides/Brain Slides/Brain Slides V2 Template,Read Me - Fonts Links.pdf,字型說明_Read Me - Fonts Links.pdf,1KY2TLfO9rJBCZdw_hJMqkunkwizwYxGm
檔案,Cycle Slides/Break Even Analysis Powerpoint Infographics,Break Even Analysis.pptx,損益平衡分析資訊圖表_Break Even Analysis.pptx,19LT0ias-fmxbVmJpcsBeOWlvTqklQ9AD
檔案,Cycle Slides/Break Even Analysis Powerpoint Infographics,Read Me - Fonts Links.pdf,字型說明_Read Me - Fonts Links.pdf,1czoDKT4LHIuFx0VadcKiaGCMNG0E5wAr
檔案,Cycle Slides/Breast Cancer Day Powerpoint Infographics,Breast Cancer Day Infographics.pptx,乳癌防治日資訊圖表_Breast Cancer Day Infographics.pptx,1TdWHnWJkw-JEyuLcL0HpOFVKUDRpsqiS
檔案,Cycle Slides/Breast Cancer Day Powerpoint Infographics,Read Me - Fonts Links.pdf,字型說明_Read Me - Fonts Links.pdf,13CqVA5XvnK91ICibUJketvKdsrjf7R0S
檔案,Cycle Slides/Bubble Map Powerpoint Infographics,Bubble Map Infographics.pptx,泡泡圖資訊圖表_Bubble Map Infographics.pptx,1U21BCYyNaXxQZ0Ecen0ZqpPCYkkuq_7I
檔案,Cycle Slides/Bubble Map Powerpoint Infographics,Read Me - Fonts Links.pdf,字型說明_Read Me - Fonts Links.pdf,1V9ZhHabsQFN3jZwgf7pWA5yjTrZmXLDO
檔案,Cycle Slides/Budget Forecasting Powerpoint Infographics,Budget Forecasting Slides.pptx,預算預測簡報_Budget Forecasting Slides.pptx,1nV4D4JJyd4RyReu6ZLKVbmBnIzskxRf7
檔案,Cycle Slides/Budget Forecasting Powerpoint Infographics,Read Me - Fonts Links.pdf,字型說明_Read Me - Fonts Links.pdf,1BesQxH5X5l6NNhIQbbwLo9JR33vmXK6N
檔案,Cycle Slides/Budget Slides,Budget Powerpoint Slides.pptx,預算簡報_Budget Powerpoint Slides.pptx,1UiY8ZTmK2rzRvbztIFcU5rkINgdQHekO
檔案,Cycle Slides/Budget Slides,Read me - Fonts links.rtf,字型說明_Read me - Fonts links.rtf,1Xsxlj6Mv6V0paf7UXnzLzgeqPwveeNjS
檔案,Cycle Slides/Business Model Canvas,Business Model Canvas.pptx,商業模式圖簡報_Business Model Canvas.pptx,1-XV3RnbSvqeOttygOv7WaSxDKFKW_ojf
檔案,Cycle Slides/Business Model Canvas,Read Me - Fonts Links.pdf,字型說明_Read Me - Fonts Links.pdf,1uuLFPqK-WaVVMh0ojnwFsNBjbBrSkLNv
檔案,Cycle Slides/Business Model Canvas Powerpoint Infographics,Business Model Canvas.pptx,商業模式圖資訊圖表_Business Model Canvas.pptx,1bsr8rWAv1pFAcF7esXSRnlSLpLYnp-Sl
檔案,Cycle Slides/Business Model Canvas Powerpoint Infographics,Read Me - Fonts Links.pdf,字型說明_Read Me - Fonts Links.pdf,10D2C5LiTdNTv0sIxt7OFpvXdnk3AVJam
檔案,Cycle Slides/Business People Powerpoint Infographics,Business People Slides.pptx,商務人物簡報_Business People Slides.pptx,1rLBgII5fMnEaQTUCBdyUM6k9Q7t-58Ij
檔案,Cycle Slides/Business People Powerpoint Infographics,Read Me - Font Link.pdf,字型說明_Read Me - Font Link.pdf,1ApQUrmfnKtn4ysMaKSQaVONuZ8VJlUcI
檔案,Cycle Slides/Business Plan Powerpoint Infographics,Business Plan Slide.pptx,營運計畫簡報_Business Plan Slide.pptx,1NPyyghjk1bFeHd8Rgd-yzO3nLLslK6q3
檔案,Cycle Slides/Business Plan Powerpoint Infographics,Read Me - Fonts Links.pdf,字型說明_Read Me - Fonts Links.pdf,12gTd7uuM1SCs_SiaR-RPTo4SrjrFrPyT
檔案,Cycle Slides/Business Plan Slides,Business Plan Infographics Powerpoint Template.pptx,營運計畫資訊圖表_Business Plan Infographics Powerpoint Template.pptx,1qLda5nNZWJlY-r_ac1ub-ZGfryZUNcKh
檔案,Cycle Slides/Business Plan Slides,Read me - Fonts links.rtf,字型說明_Read me - Fonts links.rtf,1myqPfo4CeYc-kpfwx3lELndbqkrmEkJB
檔案,Cycle Slides/Business Powerpoint Infographics,Business Infographics.pptx,商業資訊圖表_Business Infographics.pptx,1QR8ractW3EmCN5PmAg_h2egFeTLA4N4k
檔案,Cycle Slides/Business Powerpoint Infographics,Read Me - Fonts Links.pdf,字型說明_Read Me - Fonts Links.pdf,1IvcgG2Rij9HYPaQP0pPqIvGRQGH4CxAi
檔案,Cycle Slides/Business Slides,Business Infographics Powerpoint Template.pptx,商業資訊圖表_Business Infographics Powerpoint Template.pptx,1nXqtfRY69jO1BvtcBu_vCPQk9KHrp9pV
檔案,Cycle Slides/Business Slides,Read me - Fonts links.rtf,字型說明_Read me - Fonts links.rtf,1uZGi02QPdGBbC6QdJ10BGYdGJf_tJVN7
檔案,Cycle Slides/Business Strategy Powerpoint Infographics,Business Strategy.pptx,經營策略資訊圖表_Business Strategy.pptx,1kARMJdsPQ3dO_qphT7O9Vddxfuzdq7ou
檔案,Cycle Slides/Business Strategy Powerpoint Infographics,Read Me - Fonts Links.pdf,字型說明_Read Me - Fonts Links.pdf,1usK79PaXdtQZKRhGXp-Brl2rKKNxVNzU
檔案,Cycle Slides/Buyer Persona Powerpoint Infographics,Buyer Persona Slides.pptx,買家人物誌簡報-1_Buyer Persona Slides.pptx,1Xwv-v3TwmcU4YV79Y_rr9ziPO20j7jOG
檔案,Cycle Slides/Buyer Persona Powerpoint Infographics,Read Me - Fonts Links.pdf,字型說明_Read Me - Fonts Links.pdf,12B8jxRCuhU1EW14lJC_iN4mPr_e3sSNg
檔案,Cycle Slides/Buyer Persona Slides,Buyer Persona Slides.pptx,買家人物誌簡報-2_Buyer Persona Slides.pptx,1my84xcW8I5ywQ1ADx8an2TrW2EF4I9Ex
檔案,Cycle Slides/Buyer Persona Slides,Read Me - Fonts Links.pdf,字型說明_Read Me - Fonts Links.pdf,1C222z2H4H19k73qj3YYdIFv2VHH5Dfbe
檔案,Cycle Slides/Calendar 2020 Slides,Read me - Fonts links.rtf,字型說明_Read me - Fonts links.rtf,1GhoMyD8YUcDVCB9S62SX4AlPqxeA9H86
檔案,Cycle Slides/Calendar 2020 Slides/Presentation Files,Calendar Powerpoint Slides .pptx,月曆簡報_Calendar Powerpoint Slides .pptx,14ilDpW9LvPXc_o4DfTPhGHco4gRUti36
檔案,Cycle Slides/Calendar 2021 Slides,Read me - Fonts links.rtf,字型說明_Read me - Fonts links.rtf,1lGD4uP503d9IYz4gkzMsCC1cY-aJCucf
檔案,Cycle Slides/Calendar 2021 Slides/Presentation Files,Calendar Slides 2021.pptx,月曆簡報2021_Calendar Slides 2021.pptx,1M1F2MNR2ORpdfn_Dr9Iwblw_uBzIWczP
檔案,Cycle Slides/Calendar 2022 Slides,Calendar Slides 2022.pptx,月曆簡報2022_Calendar Slides 2022.pptx,1qWz1lonSmqJ-jgv4SeOqkVMF4Lb9BHm6
檔案,Cycle Slides/Calendar 2022 Slides,Read Me - Font Link.pdf,字型說明_Read Me - Font Link.pdf,1oOdokEhzQSXHF2yDndKrinqSePMZlCVh
檔案,Cycle Slides/Calendar 2023 Slides,Calendar Slides 2023.pptx,月曆簡報2023_Calendar Slides 2023.pptx,1FWxmSlMEXqd8ksM4dcHeQoH6yO9VdygS
檔案,Cycle Slides/Calendar 2024 Slides,Calendar Slides 2024.pptx,月曆簡報2024_Calendar Slides 2024.pptx,1maTUjmEX5aFBCUSEkV976TJiAERX9uKX
檔案,Cycle Slides/Calendar 2025 Slides,Calendar Slides 2025.pptx,月曆簡報2025_Calendar Slides 2025.pptx,1wK57DiuRNIMjp8VEj_zDqMx_5wPkz-IP
檔案,Cycle Slides/Challenges Powerpoint Infographics,Challenges Slides.pptx,挑戰簡報-1_Challenges Slides.pptx,1KdQShtDrnPXrIMDEadpDH-s2ynL9sW3o
檔案,Cycle Slides/Challenges Powerpoint Infographics,Read Me - Fonts Links.pdf,字型說明_Read Me - Fonts Links.pdf,1Qz_sYe_55yYYfOBB_usEJ1xjKMoIf8AU
檔案,Cycle Slides/Challenges Slides,Challenges Slides.pptx,挑戰簡報-2_Challenges Slides.pptx,17Y-Q_n82It6m_69HLzAsXel9Ke9JWCfS
檔案,Cycle Slides/Challenges Slides,Read Me - Fonts Links.pdf,字型說明_Read Me - Fonts Links.pdf,1dJRkBK6HDQSrSEX_Y72CK77y-X8BrxKx
檔案,Cycle Slides/Change Management Powerpoint Infographics,Change Management Slides.pptx,變革管理簡報-1_Change Management Slides.pptx,1gss0zA8IUcYYZtzv60PbsmegSE6oz2CQ
檔案,Cycle Slides/Change Management Powerpoint Infographics,Read Me - Fonts Links.pdf,字型說明_Read Me - Fonts Links.pdf,18vAnJ1p8YBuYSyUTGH_b0H1QqSu61fEn
檔案,Cycle Slides/Change Management Slides,Change Management Slides.pptx,變革管理簡報-2_Change Management Slides.pptx,1pKaVq9Cs0yDt5jZDJ6MD99e94wc-Rud1
檔案,Cycle Slides/Change Management Slides,Read Me - Fonts Links.pdf,字型說明_Read Me - Fonts Links.pdf,1GNIiBAYM_gVlThKN4FslUa869mFYPGa-
檔案,Cycle Slides/Chart Slides,Read me - Fonts links.rtf,字型說明_Read me - Fonts links.rtf,1FHoQseKqgE5WDlxBmdI-8HojNRUIflTv
檔案,Cycle Slides/Chart Slides/Presentation Files,Chart Slides Powerpoint Template.pptx,圖表簡報_Chart Slides Powerpoint Template.pptx,16Srp4gWqYXbAeLapS3bFAWfLWJDr-1aR
檔案,Cycle Slides/Circle Powerpoint Infographics,Circle Infographics.pptx,圓形資訊圖表_Circle Infographics.pptx,1BJUfSPkhbRz2pWT7PocVq3-Bl639x0TH
檔案,Cycle Slides/Circle Powerpoint Infographics,Read Me - Fonts Links.pdf,字型說明_Read Me - Fonts Links.pdf,1LNjuG2bgyEDFpQ72tg4KtfpKFJjV-BoK
檔案,Cycle Slides/Circle Slides,Circle PowerPoint Slides.pptx,圓形簡報_Circle PowerPoint Slides.pptx,1gmib-iNniX0i0eChsu5_Xc_kNk-RNVK8
檔案,Cycle Slides/Circle Slides,Read me - Fonts links.rtf,字型說明_Read me - Fonts links.rtf,14trw-oEs5hmRBpShE24xiLvAGazhYrGo
檔案,Cycle Slides/Cloud Powerpoint Infographics,Cloud Slides.pptx,雲端簡報-1_Cloud Slides.pptx,15-E-xmS4Hag4FWGsp_4Bp2jHEsmy9nNi
檔案,Cycle Slides/Cloud Powerpoint Infographics,Read Me - Fonts Links.pdf,字型說明_Read Me - Fonts Links.pdf,1nV9Plyz4TbiSo6S97sGOLuvzsUxqCqH6
檔案,Cycle Slides/Cloud Slides,Cloud Slides.pptx,雲端簡報-2_Cloud Slides.pptx,12dyyZmhFtd-a_rTMBTTn8DIWmdZmGfjI
檔案,Cycle Slides/Cloud Slides,Read Me - Fonts Links.pdf,字型說明_Read Me - Fonts Links.pdf,1DJeG3crD65ueC9NofojPlS45O7fs2bCB
檔案,Cycle Slides/Communication Powerpoint Infographics,Communication Slides.pptx,溝通簡報-1_Communication Slides.pptx,1iFyI_P9szkNPSSMgDYIAdp8BE47-pFwV
檔案,Cycle Slides/Communication Powerpoint Infographics,Read Me - Fonts Links.pdf,字型說明_Read Me - Fonts Links.pdf,15Nj0M6q_6lO7xg8OU0EBCGwwo5PJtPdg
檔案,Cycle Slides/Communication Slides,Communication Slides.pptx,溝通簡報-2_Communication Slides.pptx,1mdUk1YAFxfvBskAnaXDTJknTynpDjXqN
檔案,Cycle Slides/Communication Slides,Read Me - Fonts Links.pdf,字型說明_Read Me - Fonts Links.pdf,1cdkxMrVVzSNtGbaFQAm1nddEZQeC3hOa
檔案,Cycle Slides/Company Profile Powerpoint Infographics,Company Profile Slides.pptx,公司簡介簡報_Company Profile Slides.pptx,12Dazge3U3-ykyNFfJbrOSYbWOqG_eljI
檔案,Cycle Slides/Company Profile Powerpoint Infographics,Read Me - Fonts Links.pdf,字型說明_Read Me - Fonts Links.pdf,1fESNJPrq7FoMJFh0sVk-Gn_L5xT_5vYg
檔案,Cycle Slides/Company Profile Slides,Company Profile Powerpoint Template.pptx,公司簡介簡報_Company Profile Powerpoint Template.pptx,1uM1NeiXoRn8WvpyU9w2Ddq3OnSeYirI8
檔案,Cycle Slides/Company Profile Slides,Read me - Fonts links.rtf,字型說明_Read me - Fonts links.rtf,1XDemgqOExPnffAw2-_vrLH6tjzb7bk7R
檔案,Cycle Slides/Comparison Powerpoint Infographics,Comparison Infographics.pptx,比較資訊圖表_Comparison Infographics.pptx,1bSv7aUfEXggo_UXzf1C0oDUu52yOE-dr
檔案,Cycle Slides/Comparison Powerpoint Infographics,Read Me - Fonts Links.pdf,字型說明_Read Me - Fonts Links.pdf,1UL4j5iN6aBAzoTieOkY2NlZZ5dIt5JHO
檔案,Cycle Slides/Comparison Slides,Comparison Slides Powerpiont Template.pptx,比較簡報_Comparison Slides Powerpiont Template.pptx,1xraNE0dx1V28IeHmcle1SmLBukj7On-f
檔案,Cycle Slides/Comparison Slides,Read me - Fonts links.rtf,字型說明_Read me - Fonts links.rtf,1UjVLRq3VE7NFkmH4z8ti8wzI8YsFPhxT
檔案,Cycle Slides/Concentric Circles Powerpoint Infographics,Concentric Circles Diagrams.pptx,同心圓圖資訊圖表_Concentric Circles Diagrams.pptx,1pVXP4HQgS0aFqu5ouF368-hI78zxjcqR
檔案,Cycle Slides/Concentric Circles Powerpoint Infographics,Read Me - Fonts Links.pdf,字型說明_Read Me - Fonts Links.pdf,1CnkMW5b-LT9S6tuZCmSEeEnx5zVG0cdA
檔案,Cycle Slides/Construction Powerpoint Infographics,Construction Infographics.pptx,營建工程資訊圖表_Construction Infographics.pptx,1yTNHuUNH0kN6OD4ebn-clV0M5o6lvggO
檔案,Cycle Slides/Construction Powerpoint Infographics,Read Me - Fonts Links.pdf,字型說明_Read Me - Fonts Links.pdf,1LIn6GikITsCrGyH3IgG1_SlAA2Aksxke
檔案,Cycle Slides/Coronavirus Slides,Coronavirus.pptx,新冠病毒簡報_Coronavirus.pptx,1XHc00ep0RIQOc8lTMIIDa8MzDaRS8EpF
檔案,Cycle Slides/Coronavirus Slides,Read me - Fonts links.rtf,字型說明_Read me - Fonts links.rtf,1L42rzF-nk2hJ8IQSu9GuCKhJk-m8k82o
檔案,Cycle Slides/Coronavirus and Social Distancing Powerpoint Infographics,Coronavirus and Social Distancing.pptx,新冠病毒與社交距離資訊圖表_Coronavirus and Social Distancing.pptx,148S8LsgxfqdHGSmYvSHxovBCGt6ur4aG
檔案,Cycle Slides/Coronavirus and Social Distancing Powerpoint Infographics,Read Me - Fonts Links.pdf,字型說明_Read Me - Fonts Links.pdf,1awu462RIn3PuZC5xos28RlBxTB-1vKJG
檔案,Cycle Slides/Cover Powerpoint Infographics,Cover Slides.pptx,封面簡報_Cover Slides.pptx,1enOWalKGzVP_dygH9b-B0uz3kNaRrQmT
檔案,Cycle Slides/Cover Powerpoint Infographics,Read Me - Fonts Links.pdf,字型說明_Read Me - Fonts Links.pdf,1BRIFttnLzcunUKXWoG4bXdmv0DNbyDOJ
檔案,Cycle Slides/Credit Card Powerpoint Infographics,Credit Card Slides.pptx,信用卡簡報-1_Credit Card Slides.pptx,1nlmWHMLomLkYiXiN59ZrVapQp0OnVIMr
檔案,Cycle Slides/Credit Card Powerpoint Infographics,Read Me - Font Link.pdf,字型說明_Read Me - Font Link.pdf,1q6KHHKLKLoLES5br-RjocihG5LBpE4tB
檔案,Cycle Slides/Credit Card Slides,Read Me - Font Link.pdf,字型說明_Read Me - Font Link.pdf,1SrWKer0KweC4dJAx4mn4NabUSODomDrB
檔案,Cycle Slides/Credit Card Slides/File,Credit Card Slides.pptx,信用卡簡報-2_Credit Card Slides.pptx,1GSYPDOb0jSCcIoqxK8cuIKZijDT8dMaK
檔案,Cycle Slides/Cryptocurrency Powerpoint Infographics,Cryptocurrency Slides.pptx,加密貨幣簡報-1_Cryptocurrency Slides.pptx,1gp6VIGsgF5y739G90TsoR--FNVeCuuRI
檔案,Cycle Slides/Cryptocurrency Powerpoint Infographics,Read Me - Fonts Links.pdf,字型說明_Read Me - Fonts Links.pdf,1N3TGqkDcoOnERk5JJIKXwF56uVzcSUpw
檔案,Cycle Slides/Cryptocurrency Slides,Cryptocurrency Slides.pptx,加密貨幣簡報-2_Cryptocurrency Slides.pptx,1oVuKRjC1ZoJbyoRpwm9J4602rlniXz1z
檔案,Cycle Slides/Cryptocurrency Slides,Read Me - Font Link.pdf,字型說明_Read Me - Font Link.pdf,1kyXdQgU1O3IZ4yEbZdBToXPbecmiVmZq
檔案,Cycle Slides/Customer Journey Map Slides,Read me - Fonts links.rtf,字型說明_Read me - Fonts links.rtf,1T0fcM4089JT0Io19zHx_cS9sydwWsgoH
檔案,Cycle Slides/Customer Journey Map Slides/Presentation File,Customer Journey Map PowerPoint Template.pptx,顧客旅程地圖簡報_Customer Journey Map PowerPoint Template.pptx,1AVuITwNdEgiOr6DrmDs8Wzm9UV0Ls7pu
檔案,Cycle Slides/Customer Journey Powerpoint Infographics,Customer Journey Infographics.pptx,顧客旅程資訊圖表_Customer Journey Infographics.pptx,1PoVZDOGSTdKzweM3G-TiXcH3O1HnLyhm
檔案,Cycle Slides/Customer Journey Powerpoint Infographics,Read Me - Fonts Links.pdf,字型說明_Read Me - Fonts Links.pdf,1JjAUhkTSSxIPWnUnx6r4SMQhOK3K8pOF
檔案,Cycle Slides/Customer Profile Powerpoint Infographics,Customer Profile Slides.pptx,顧客輪廓簡報_Customer Profile Slides.pptx,109PvGwcS6CQeB9q0aFSwVf0s1DYRMsRe
檔案,Cycle Slides/Customer Profile Powerpoint Infographics,Read Me - Fonts Links.pdf,字型說明_Read Me - Fonts Links.pdf,13uma8X2HicJjHf6irGQieS50fZQfNcOJ
檔案,Cycle Slides/Cyber Security Powerpoint Infographics,Cyber Security Slides.pptx,資訊安全簡報-1_Cyber Security Slides.pptx,1-B3jFDc9_5yUyCSEPi-xmDsw05zlVDLY
檔案,Cycle Slides/Cyber Security Powerpoint Infographics,Read Me - Fonts Links.pdf,字型說明_Read Me - Fonts Links.pdf,1kfGR-id1HHe81OeBzF9g3Ru4Zc5yXHS8
檔案,Cycle Slides/Cyber Security Slides,Cyber Security Slides.pptx,資訊安全簡報-2_Cyber Security Slides.pptx,1YYWzIhuaxAMfRPyXcmB2OnXLa9Pb6N4b
檔案,Cycle Slides/Cyber Security Slides,Read Me - Font Link.pdf,字型說明_Read Me - Font Link.pdf,1w333dOViwIpfVCEg2L0G1mwhGCklbzu1
檔案,Cycle Slides/Cycle Powerpoint Infographics,Cycle Infographics.pptx,循環資訊圖表_Cycle Infographics.pptx,1bGWBz2L-dr67FR-7teUArT82V7vT8_w1
檔案,Cycle Slides/Cycle Powerpoint Infographics,Read Me - Fonts Links.pdf,字型說明_Read Me - Fonts Links.pdf,1zh_I4CLrMaJbWlc0uLVUx2JOKBTQx077
檔案,Cycle Slides/Cycle Slides,Read me - Fonts links.rtf,字型說明_Read me - Fonts links.rtf,1Ikvttk10wHWL9I3q2XHYTK3CQjXc6dDU
檔案,Cycle Slides/Cycle Slides/Presentation Files,Cycle Powerpoint Template.pptx,循環簡報_Cycle Powerpoint Template.pptx,1cXxFZMC-jOtv8IK2peIEicnhIZW1bAWe
檔案,Growth Powerpoint Infographics/Feedback Powerpoint Infographics,Feedback Slides.pptx,回饋簡報_Feedback Slides.pptx,10-oQ3HFFg-ONO5LHe_tp-V7IVn9nZlzZ
檔案,Growth Powerpoint Infographics/Feedback Powerpoint Infographics,Read Me - Fonts Links.pdf,字型說明_Read Me - Fonts Links.pdf,1oqc9U9R9YO3MFcfIB1puDI3SRUYSr6nl
檔案,Growth Powerpoint Infographics/Finance Powerpoint Infographics,Finance Infographics.pptx,財務資訊圖表_Finance Infographics.pptx,1CDbSiqREXeLY-2v717qRuNWWzlzyRbnN
檔案,Growth Powerpoint Infographics/Finance Powerpoint Infographics,Read Me - Fonts Links.pdf,字型說明_Read Me - Fonts Links.pdf,1YqnH0yTcuZzTPg6mNbkqzfywZrFMqjci
檔案,Growth Powerpoint Infographics/Finance Slides,Finance Slide Powerpoint Template.pptx,財務簡報_Finance Slide Powerpoint Template.pptx,1c2FDTzbTKWt1Ax3AxssQxoiUM6zeOsg1
檔案,Growth Powerpoint Infographics/Finance Slides,Read me - Fonts links.rtf,字型說明_Read me - Fonts links.rtf,1MWRW3eokxFLen-SlQHDLzbxPVvq_AzSb
檔案,Growth Powerpoint Infographics/Fishbone Powerpoint Infographics,Fishbone Infographics.pptx,魚骨圖資訊圖表_Fishbone Infographics.pptx,19cUNxgDHRysd3gVXqJGwUx4pZ-2QOuJZ
檔案,Growth Powerpoint Infographics/Fishbone Powerpoint Infographics,Read Me - Fonts Links.pdf,字型說明_Read Me - Fonts Links.pdf,1_IyIP81uBphr4N-HdukQiukEgUh8BWEe
檔案,Growth Powerpoint Infographics/Fishbone Slides,Fishbone Powerpoint Template.pptx,魚骨圖簡報_Fishbone Powerpoint Template.pptx,1zeh8lvtN9Cg018mB7vM30GMZV2Zjy-Jk
檔案,Growth Powerpoint Infographics/Fishbone Slides,Read me - Fonts links.rtf,字型說明_Read me - Fonts links.rtf,15mSlBJ0CmkdS8KSGwRWQB7_VgrLe5Hb2
檔案,Growth Powerpoint Infographics/Fitness Slides,Read me - Fonts links.rtf,字型說明_Read me - Fonts links.rtf,19SBfvgYElczJIOVclfASyoNSzdLDGlaG
檔案,Growth Powerpoint Infographics/Fitness Slides/Presentation Files,Fitness Powerpoint Slides.pptx,健身簡報_Fitness Powerpoint Slides.pptx,1BH7qNXVVHxAHHnKh8KvTFjvVhlnaau01
檔案,Growth Powerpoint Infographics/Flow Chart Powerpoint Infographics,Flow Chart Infographics.pptx,流程圖資訊圖表_Flow Chart Infographics.pptx,1TMVXy50BCcmJ_SxiPmGLvhh9V29pajHG
檔案,Growth Powerpoint Infographics/Flow Chart Powerpoint Infographics,Read Me - Fonts Links.pdf,字型說明_Read Me - Fonts Links.pdf,1bPEEO3751L2wcrP4Np8zs_wWdnlx-K57
檔案,Growth Powerpoint Infographics/Flow Slides,Flow Powerpoint Slides.pptx,流程簡報_Flow Powerpoint Slides.pptx,1ECNoRilxlLbthybCvwuMFM2qcolFeiws
檔案,Growth Powerpoint Infographics/Flow Slides,Read me - Fonts links.rtf,字型說明_Read me - Fonts links.rtf,1Rezxd-9joGYXUC3b1UiOeJ0PXGRMwTJv
檔案,Growth Powerpoint Infographics/Food Powerpoint Infographics,Food Slides.pptx,美食簡報_Food Slides.pptx,1WdmjZ5dg9uNa8r56dFGpfu3U24CdNNiO
檔案,Growth Powerpoint Infographics/Food Powerpoint Infographics,Read Me - Fonts Links.pdf,字型說明_Read Me - Fonts Links.pdf,1HpFEE0TyLqfy10-SwUG8dtaepf-Tstyu
檔案,Growth Powerpoint Infographics/Food Slides,Fonts used in Food v1.rtf,美食字型說明V1_Fonts used in Food v1.rtf,1Ke7P6ZK0WYOAMJqvXrkjNCy3CKdEDw0Y
檔案,Growth Powerpoint Infographics/Food Slides,Fonts used in Food v2.rtf,美食字型說明V2_Fonts used in Food v2.rtf,1G8-EgWQvnK74Yqyxg84hYbkLPKL9gaKa
檔案,Growth Powerpoint Infographics/Food Slides,Fonts used in Food v3.rtf,美食字型說明V3_Fonts used in Food v3.rtf,1gYxUWU4Wvm0cRn3v4mYhfEHO-rCIyAJU
檔案,Growth Powerpoint Infographics/Food Slides,Food Slides V1 Powerpoint Template.pptx,美食簡報V1_Food Slides V1 Powerpoint Template.pptx,1glteN5RmzOiaY4Z0k6KYkDPm1Bws2xnR
檔案,Growth Powerpoint Infographics/Food Slides,Food Slides V2 Powerpoint Template.pptx,美食簡報V2_Food Slides V2 Powerpoint Template.pptx,1641IJsY-7HHtg6byInLsedf5uHtYI1rG
檔案,Growth Powerpoint Infographics/Food Slides,Food Slides V3 Powerpoint Template.pptx,美食簡報V3_Food Slides V3 Powerpoint Template.pptx,1pnQ-7oPQj1Dsv2u_xRQyyYAYLGF5bcBu
檔案,Growth Powerpoint Infographics/Framework Powerpoint Infographics,Framework Infographics.pptx,框架資訊圖表_Framework Infographics.pptx,1BuiR104n_DDnMEnrIComJ3423RbhnR9B
檔案,Growth Powerpoint Infographics/Framework Powerpoint Infographics,Read Me - Fonts Links.pdf,字型說明_Read Me - Fonts Links.pdf,1eMoAhgW07tKmI-uG0CEEbIjj3y8NszoK
檔案,Growth Powerpoint Infographics/Funnel Powerpoint Infographics,Funnel Infographics.pptx,漏斗資訊圖表-1_Funnel Infographics.pptx,1UN6qik75lc5ORSv_Q6qWbblikEbEUfDi
檔案,Growth Powerpoint Infographics/Funnel Powerpoint Infographics,Read Me - Fonts Links.pdf,字型說明_Read Me - Fonts Links.pdf,1n5XpBFv2RZWbdIyoy8BTvkQ7U7IduXJ9
檔案,Growth Powerpoint Infographics/Funnel Slides/Funnel Slides V1 Powerpoint Template,Read me - Fonts links.rtf,字型說明_Read me - Fonts links.rtf,1ERAc8lk6U_t9jMA7wsbVotq1icj-vtrC
檔案,Growth Powerpoint Infographics/Funnel Slides/Funnel Slides V1 Powerpoint Template/Presentation file,Funnel Slides V1 Powerpoint Template.pptx,漏斗簡報V1_Funnel Slides V1 Powerpoint Template.pptx,1fXAN1OquEdeL1AYp5-uXR9ow77fvk2tW
檔案,Growth Powerpoint Infographics/Funnel Slides/Funnel Slides V2 Powerpoint Template,Read me - Fonts links.rtf,字型說明_Read me - Fonts links.rtf,1oKfCWtGFm6dhQyJGI8ppbNREKfi1euNt
檔案,Growth Powerpoint Infographics/Funnel Slides/Funnel Slides V2 Powerpoint Template/Presentation file,Funnel Slides V2 Powerpoint Template.pptx,漏斗簡報V2_Funnel Slides V2 Powerpoint Template.pptx,1yQbAOLDZifCAmZ29qjmm6NTbeSIs14XC
檔案,Growth Powerpoint Infographics/Funnel Slides/Funnel Slides V3 Powerpoint Template,Read me - Fonts links.rtf,字型說明_Read me - Fonts links.rtf,1iNV22LjQE3I6yCHE-FxHS2broOzvGsXc
檔案,Growth Powerpoint Infographics/Funnel Slides/Funnel Slides V3 Powerpoint Template/Presentation file,Funnel Slides V3 Powerpoint Template.pptx,漏斗簡報V3_Funnel Slides V3 Powerpoint Template.pptx,1M2OX9rlkM6VeiR0amChkZVLQtC_8sop8
檔案,Growth Powerpoint Infographics/Funnel Slides/Funnel Slides V4 Powerpoint Template,Read me - Fonts links.rtf,字型說明_Read me - Fonts links.rtf,1vOqNdl26MuWN95RpZEnrtFSxeLFGSOWB
檔案,Growth Powerpoint Infographics/Funnel Slides/Funnel Slides V4 Powerpoint Template/Presentation file,Funnel Slides V4 Powerpoint Template.pptx,漏斗簡報V4_Funnel Slides V4 Powerpoint Template.pptx,1nPILAoOaxqkfXxIIyafnNlbq2oo5JOJ4
檔案,Growth Powerpoint Infographics/Funnel Slides/Funnel Slides V5 Powerpoint Template,Read me - Fonts links.rtf,字型說明_Read me - Fonts links.rtf,1uUBCT9S2xazXzvKIsAtZUFPJ-y3u69g-
檔案,Growth Powerpoint Infographics/Funnel Slides/Funnel Slides V5 Powerpoint Template/Presentation file,Funnel Slides V5 Powerpoint Template.pptx,漏斗簡報V5_Funnel Slides V5 Powerpoint Template.pptx,1snP2RoQnaU30YbAH9QVlis3R_OIGt50o
檔案,Growth Powerpoint Infographics/Funnel Slides/Funnel Slides V6 Powerpoint Template,Read Me - Fonts Links.pdf,字型說明_Read Me - Fonts Links.pdf,1jMGJHoHw2lYJwq864xw1R4zxiGzTPcqd
檔案,Growth Powerpoint Infographics/Funnel Slides/Funnel Slides V6 Powerpoint Template/Presentation file,Funnel Infographics.pptx,漏斗資訊圖表-2_Funnel Infographics.pptx,1gbtfskdfuYxfmCB8OrUP9O0-gUJWy7Rw
檔案,Growth Powerpoint Infographics/Gantt Powerpoint Infographics,Gantt Charts.pptx,甘特圖資訊圖表_Gantt Charts.pptx,1VMlNoZgF9A3jiyJoMCroHBYVduAsmnj8
檔案,Growth Powerpoint Infographics/Gantt Powerpoint Infographics,Read Me - Fonts Links.pdf,字型說明_Read Me - Fonts Links.pdf,1Mb-u5o8zO62RCqCgsB4t07e3Evhb-Nf2
檔案,Growth Powerpoint Infographics/Gantt Slides/Gantt Slides V1 Powerpoint Template,Read me - Fonts links.rtf,字型說明_Read me - Fonts links.rtf,1ryPpuXToH37DsxeqfiqPRIh4J7yf2zIl
檔案,Growth Powerpoint Infographics/Gantt Slides/Gantt Slides V1 Powerpoint Template/Presentation file,Gantt Slides V1 Powerpoint Template.pptx,甘特圖簡報V1_Gantt Slides V1 Powerpoint Template.pptx,1g9_yjnVLzTb9fMpQJ7TdSKdgmZN7eLCo
檔案,Growth Powerpoint Infographics/Gantt Slides/Gantt Slides V2 Powerpoint Template,Read me - Fonts links.rtf,字型說明_Read me - Fonts links.rtf,1aE0EvuKAzcK3hvKT5qdMGgoO_D32rmPq
檔案,Growth Powerpoint Infographics/Gantt Slides/Gantt Slides V2 Powerpoint Template/Presentation file,Gantt Slides V2 Powerpoint Template.pptx,甘特圖簡報V2_Gantt Slides V2 Powerpoint Template.pptx,1Uztg1v-tEVRmdKHquIk6cf0CtYwXP5pK
檔案,Growth Powerpoint Infographics/Gantt Slides/Gantt Slides V3 Powerpoint Template,Read me - Fonts links.rtf,字型說明_Read me - Fonts links.rtf,1ocr5fRP4g9aCDaTeSxXkurAihxf1GdK6
檔案,Growth Powerpoint Infographics/Gantt Slides/Gantt Slides V3 Powerpoint Template/Presentation file,Gantt Slides V3 Powerpoint Template.pptx,甘特圖簡報V3_Gantt Slides V3 Powerpoint Template.pptx,1XxQbTT4K3oyKeQ7LtsmERArOCAtfSeb-
檔案,Growth Powerpoint Infographics/Gantt Slides/Gantt Slides V4 Powerpoint Template,Read me - Fonts links.rtf,字型說明_Read me - Fonts links.rtf,1oOYiW4cD3gKCaVXj7Ye0Qn_ByqzBYW6c
檔案,Growth Powerpoint Infographics/Gantt Slides/Gantt Slides V4 Powerpoint Template/Presentation file,Gantt Slides V4 Powerpoint Template.pptx,甘特圖簡報V4_Gantt Slides V4 Powerpoint Template.pptx,10jIEk6_yBtXbxLgOg7Dbr9muR07cQAlF
檔案,Growth Powerpoint Infographics/Gap Analysis Powerpoint Infographics,Gap Analysis.pptx,差距分析資訊圖表_Gap Analysis.pptx,19VSvL9C9H8WAypnGgghvlEDueo1vhGkV
檔案,Growth Powerpoint Infographics/Gap Analysis Powerpoint Infographics,Read Me - Fonts Links.pdf,字型說明_Read Me - Fonts Links.pdf,1CvU_q76m6-beze6Yys_RtiCiIo9O_r9t
檔案,Growth Powerpoint Infographics/Gap Analysis Slides,Gap Analysis.pptx,差距分析簡報_Gap Analysis.pptx,1EKIXkqEuXUE0bBBjlb6zAB9VwqI742yn
檔案,Growth Powerpoint Infographics/Gap Analysis Slides,Read Me - Fonts Links.pdf,字型說明_Read Me - Fonts Links.pdf,1kOINOUHkKWg6etiwDNOGl0S3Jl2-sFph
檔案,Growth Powerpoint Infographics/Geometric Powerpoint Infographics,Geometric Infographics.pptx,幾何資訊圖表_Geometric Infographics.pptx,1GZyad2RblNwt7Qqdb3Foy8MnBbBYUnaB
檔案,Growth Powerpoint Infographics/Geometric Powerpoint Infographics,Read Me - Fonts Links.pdf,字型說明_Read Me - Fonts Links.pdf,1bd3hyN5Ju4ljWmYxoqNsW20F1zeKgXTw
檔案,Growth Powerpoint Infographics/Geometric Slides,Geometric Slides.pptx,幾何簡報_Geometric Slides.pptx,1Kj4ifTWKWAawKHNjI12bj_WzB97wzwRX
檔案,Growth Powerpoint Infographics/Geometric Slides,Read Me - Fonts Links.pdf,字型說明_Read Me - Fonts Links.pdf,1IQ6vxcd1hP-2Ut4T1osqXtMwqqVI1Jz8
檔案,Growth Powerpoint Infographics/Goals Powerpoint Infographics,Goals Infographics.pptx,目標資訊圖表_Goals Infographics.pptx,1aV-B5EDua27HuSXkPgyFrG7bLtrB1OYo
檔案,Growth Powerpoint Infographics/Goals Powerpoint Infographics,Read Me - Fonts Links.pdf,字型說明_Read Me - Fonts Links.pdf,1MNjo3WXIuh_Vh0UWPk0jodF9-3umcmzw
檔案,Growth Powerpoint Infographics/Goals Slides,Read me - Fonts links.rtf,字型說明_Read me - Fonts links.rtf,1FoI6jgjyW3zUsJ4OpStTeS3H4kwhUI7-
檔案,Growth Powerpoint Infographics/Goals Slides/Presentation File,Goals Slides Powerpoint Template.pptx,目標簡報_Goals Slides Powerpoint Template.pptx,14baUtGjd43A0RW3NgASrNkFYybpxf-V6
檔案,Growth Powerpoint Infographics/Governance Powerpoint Infographics,Governance Infographics.pptx,治理資訊圖表_Governance Infographics.pptx,1R4evIBma586BGNsYKbQs8vtt9f_wfh-j
檔案,Growth Powerpoint Infographics/Governance Powerpoint Infographics,Read Me - Fonts Links.pdf,字型說明_Read Me - Fonts Links.pdf,1bT8JZyDu6gmLSJ_t_1253L1J_eiPwIR-
檔案,Growth Powerpoint Infographics/Growth Powerpoint Infographics,Growth Infographics.pptx,成長資訊圖表_Growth Infographics.pptx,1oW-EZ4_deRMgQG5a5-2otMuYE5s1C-JN
檔案,Growth Powerpoint Infographics/Growth Powerpoint Infographics,Read Me - Fonts Links.pdf,字型說明_Read Me - Fonts Links.pdf,1e1EmTXDimX14MCoj1WZL63FIYi3yZvDy
檔案,IT Architecture Powerpoint Infographics/Harvey Ball Powerpoint Infographics,Harvey Ball Infographics.pptx,哈維球資訊圖表_Harvey Ball Infographics.pptx,19oqmIrx2-D4RumDRwQedBsej4CcMOn-d
檔案,IT Architecture Powerpoint Infographics/Harvey Ball Powerpoint Infographics,Read Me - Fonts Links.pdf,字型說明_Read Me - Fonts Links.pdf,1KKvD8lyDGe2T19olhupZA7PfmqbNwOwL
檔案,IT Architecture Powerpoint Infographics/Harvey Ball Slides,Read me - Fonts links.rtf,字型說明_Read me - Fonts links.rtf,1P2FDKlPDYui4r0eYuCCBnI2yNojAzC0i
檔案,IT Architecture Powerpoint Infographics/Harvey Ball Slides/Presentation file,Harvey Ball Powerpoint Template.pptx,哈維球簡報_Harvey Ball Powerpoint Template.pptx,1jCxlK0ccOu8kZC6L59i1AlNm1l3W7qtX
檔案,IT Architecture Powerpoint Infographics/Health Powerpoint Infographics,Health Infographics.pptx,健康資訊圖表_Health Infographics.pptx,1MxwcLfqFPySB1LN5Iy2AO3e_RBCEvVk-
檔案,IT Architecture Powerpoint Infographics/Health Powerpoint Infographics,Read Me - Fonts Links.pdf,字型說明_Read Me - Fonts Links.pdf,122Dgk1ZGPzTXXZfsalAkUqR2T7qgYyTY
檔案,IT Architecture Powerpoint Infographics/Health Powerpoint Slides,Read me - Fonts Links.rtf,字型說明_Read me - Fonts Links.rtf,1XtV33E58c9G3lWD-I89PrvzYj2RWRch_
檔案,IT Architecture Powerpoint Infographics/Health Powerpoint Slides/Presentation Files,Health Powerpoint Slides.pptx,健康簡報_Health Powerpoint Slides.pptx,1bSPVbRknS5zdjycxppxo2vCQ0oGflXYh
檔案,IT Architecture Powerpoint Infographics/Healthcare Slides/Healthcare Slides V1 Powerpoint Template,Read me - Fonts links.rtf,字型說明_Read me - Fonts links.rtf,1gnBmgZuQJRXYezzXpczhF38sxl6A473L
檔案,IT Architecture Powerpoint Infographics/Healthcare Slides/Healthcare Slides V1 Powerpoint Template/Presentation file,Healthcare Slides V1 Powerpoint Template.pptx,醫療照護簡報V1_Healthcare Slides V1 Powerpoint Template.pptx,1vdUCQvjJEP-RgYICkOO5gAAIhD_b6rhY
檔案,IT Architecture Powerpoint Infographics/Healthcare Slides/Healthcare Slides V2 Powerpoint Template,Read me - Fonts links.rtf,字型說明_Read me - Fonts links.rtf,1WDkn80PQ6HWC6uP7L7bc7oIwEEIYDjDa
檔案,IT Architecture Powerpoint Infographics/Healthcare Slides/Healthcare Slides V2 Powerpoint Template/Presentation file,Healthcare Slides V2 Powerpoint Template.pptx,醫療照護簡報V2_Healthcare Slides V2 Powerpoint Template.pptx,152zit9-EOO_5CDCnP7R61QxSp7JCNtt5
檔案,IT Architecture Powerpoint Infographics/Healthcare Slides/Healthcare Slides V3 Powerpoint Template,Read me - Fonts links.rtf,字型說明_Read me - Fonts links.rtf,1oCVVCMCXo7PjL7KiJiTlVGCry4DU0SWc
檔案,IT Architecture Powerpoint Infographics/Healthcare Slides/Healthcare Slides V3 Powerpoint Template/Presentation file,Healthcare Slides V3 Powerpoint Template.pptx,醫療照護簡報V3_Healthcare Slides V3 Powerpoint Template.pptx,17TniYNDmApo1fpCxB8WbbdYMTO99eeac
檔案,IT Architecture Powerpoint Infographics/Healthcare Slides/Healthcare Slides V4 Powerpoint Template,Read me - Fonts links.rtf,字型說明_Read me - Fonts links.rtf,1cJHBXDmMg_Kb9zqpvolm1IqshhZQQAXX
檔案,IT Architecture Powerpoint Infographics/Healthcare Slides/Healthcare Slides V4 Powerpoint Template/Presentation file,Healthcare Slides V4 Powerpoint Template.pptx,醫療照護簡報V4_Healthcare Slides V4 Powerpoint Template.pptx,18L3BUraRplRJL6cKNp-iCISn83eppD4R
檔案,IT Architecture Powerpoint Infographics/Hierarchy Powerpoint Infographics,Hierarchy Infographics.pptx,階層資訊圖表-1_Hierarchy Infographics.pptx,12_HQCq9PT2ZSDwYE-l91ud2edw7Hzgkj
檔案,IT Architecture Powerpoint Infographics/Hierarchy Powerpoint Infographics,Read Me - Fonts Links.pdf,字型說明_Read Me - Fonts Links.pdf,1oTgRvvLPfwB59CIEnDrGDk-FZu_-pr7X
檔案,IT Architecture Powerpoint Infographics/Hierarchy Slides,Hierarchy Infographics.pptx,階層資訊圖表-2_Hierarchy Infographics.pptx,1irAA2SA6FLuX-Hnhq7G_iHU-1lP9Cw7a
檔案,IT Architecture Powerpoint Infographics/Hierarchy Slides,Read Me - Fonts Links.pdf,字型說明_Read Me - Fonts Links.pdf,1t-b_eRuQpho1eEYBpXFYEffxoTGYQSxz
檔案,IT Architecture Powerpoint Infographics/Human Resources Powerpoint Infographics,Human Resources Slides.pptx,人力資源簡報_Human Resources Slides.pptx,1gUqbaJtgV7dfpNcL0ooCtuW9MJ_MsPh_
檔案,IT Architecture Powerpoint Infographics/Human Resources Powerpoint Infographics,Read Me - Font Link.pdf,字型說明_Read Me - Font Link.pdf,1T3YePN0hF9UW2CQmNqm7mIGnLI7NS04F
檔案,IT Architecture Powerpoint Infographics/Human Resources Slides,Human Resources Powerpoint Slides.pptx,人力資源簡報_Human Resources Powerpoint Slides.pptx,1uXrtydzRDVug3nRpg-vsDE-s_ljOkqw8
檔案,IT Architecture Powerpoint Infographics/Human Resources Slides,Read me - Fonts links.rtf,字型說明_Read me - Fonts links.rtf,1T3llasK5iXSDdjGKLdfSBV5zPWCMbTDo
檔案,IT Architecture Powerpoint Infographics/IT Architecture Powerpoint Infographics,IT Architecture Slides.pptx,IT架構簡報_IT Architecture Slides.pptx,10Luatk9QV2e6pqUEhqnPLgnie4ypUpxw
檔案,IT Architecture Powerpoint Infographics/IT Architecture Powerpoint Infographics,Read Me - Fonts Links.pdf,字型說明_Read Me - Fonts Links.pdf,1mQOQl2eNsseafaoYSsVC_ErQl35tCl9t
檔案,IT Architecture Powerpoint Infographics/Iceberg Powerpoint Infographics,Iceberg Infographics.pptx,冰山資訊圖表_Iceberg Infographics.pptx,11reEv4MAxKS-sHRVwfLU5Y2Okwp_WD_1
檔案,IT Architecture Powerpoint Infographics/Iceberg Powerpoint Infographics,Read Me - Font Links.pdf,字型說明_Read Me - Font Links.pdf,1mK79Oec1PM7tvThBZkuJHDlqGgqLeNYQ
檔案,IT Architecture Powerpoint Infographics/Iceberg Slides,Read me - Fonts links.rtf,字型說明_Read me - Fonts links.rtf,1aX-1vRe5yzCIV0iIK482RdNUSYCCxSGL
檔案,IT Architecture Powerpoint Infographics/Iceberg Slides/Presentation file,Iceberg Diagram Slides Powerpoint Template.pptx,冰山圖簡報_Iceberg Diagram Slides Powerpoint Template.pptx,1rutLQI2B-mXaakkne7F6cMz6jRH5twPm
檔案,IT Architecture Powerpoint Infographics/Innovation Powerpoint Infographics,Innovation Slides.pptx,創新簡報_Innovation Slides.pptx,1U82cj8-ognkQBcuLwPcQD02ipiwTkjx3
檔案,IT Architecture Powerpoint Infographics/Innovation Powerpoint Infographics,Read Me - Fonts Links.pdf,字型說明_Read Me - Fonts Links.pdf,1Hs2DvZxK3SzamYkQ0K29zmLEcXLf_185
檔案,IT Architecture Powerpoint Infographics/Insurance Powerpoint Infographics,Insurance Slides.pptx,保險簡報_Insurance Slides.pptx,1rRQtH74lYTxHDr2PFj3BJBq9lr9jpgpG
檔案,IT Architecture Powerpoint Infographics/Insurance Powerpoint Infographics,Read Me - Fonts Links.pdf,字型說明_Read Me - Fonts Links.pdf,1SP0OgJa_xiEn2FaxWtc7ncgbV2q0Sg8w
檔案,IT Architecture Powerpoint Infographics/Introduction Powerpoint Infographics,Introduction Slides.pptx,介紹簡報-1_Introduction Slides.pptx,1xYVN1oa9uBwAFYGxHsdZS5j9mkFlEKUc
檔案,IT Architecture Powerpoint Infographics/Introduction Powerpoint Infographics,Read Me - Fonts Links.pdf,字型說明_Read Me - Fonts Links.pdf,1Ies34rw8lr8bT8kuOUhQibsY-PsyMzEy
檔案,IT Architecture Powerpoint Infographics/Introduction Slides,Introduction Slides.pptx,介紹簡報-2_Introduction Slides.pptx,17-LtiCr6g4CMQ9biFOxZYQvsvdw7li6C
檔案,IT Architecture Powerpoint Infographics/Introduction Slides,Read Me - Fonts Links.pdf,字型說明_Read Me - Fonts Links.pdf,1gNUGeGxx15x8GkcmmJQFleepLvT4JYPc
檔案,IT Architecture Powerpoint Infographics/Investment Powerpoint Infographics,Investment Infographics.pptx,投資資訊圖表_Investment Infographics.pptx,1bN_w57t4GkSmwOagkin7FjD1_3HmZcF8
檔案,IT Architecture Powerpoint Infographics/Investment Powerpoint Infographics,Read Me - Fonts Links.pdf,字型說明_Read Me - Fonts Links.pdf,1ehFIR3pzQ_Ru8Ln_ajZU2le-z6BKyiBl
檔案,IT Architecture Powerpoint Infographics/Investment Slides,Investment Slides.pptx,投資簡報_Investment Slides.pptx,1ou77TNOESbtpUAMQ3Zf2QcD6abipTnqw
檔案,IT Architecture Powerpoint Infographics/Investment Slides,Read Me - Fonts Links.pdf,字型說明_Read Me - Fonts Links.pdf,1PZWITwWmKG6Uv-w8-Pq6NdGVk3k5pewQ
檔案,Numbers Slides/KPI Dashboards Powerpoint Infographics,KPI Dashboards.pptx,KPI儀表板資訊圖表_KPI Dashboards.pptx,1IHL7t0unCO08UWQDLzRTzmH2J03uIfmn
檔案,Numbers Slides/KPI Dashboards Powerpoint Infographics,Read Me - Fonts Links.pdf,字型說明_Read Me - Fonts Links.pdf,1fF49nhYhRGtpl3JBfpYq--RNIlACGIOo
檔案,Numbers Slides/KPI Slides,KPI Powerpoint Slides.pptx,KPI績效指標簡報_KPI Powerpoint Slides.pptx,1aFDQ-jwnrUpJl0NPtfXMoW6T3zOfe4O6
檔案,Numbers Slides/KPI Slides,Read me - Fonts links.rtf,字型說明_Read me - Fonts links.rtf,1CKornDpgi9WEnQXNyQVEJooL1aLpkXQR
檔案,Numbers Slides/Law Powerpoint Infographics,Law Infographics.pptx,法律資訊圖表_Law Infographics.pptx,1Mr92Px05p98Qh-fB_JuVqmgqmpgE_quh
檔案,Numbers Slides/Law Powerpoint Infographics,Read Me - Fonts Links.pdf,字型說明_Read Me - Fonts Links.pdf,1KlvpkUjLPt1LqyoqFTYYEjEk38KDXMH5
檔案,Numbers Slides/Leadership Powerpoint Infographics,Leadership Infographics.pptx,領導力資訊圖表_Leadership Infographics.pptx,1oc194mBOMxCcWBFyWbvkqloRWAjq5pus
檔案,Numbers Slides/Leadership Powerpoint Infographics,Read Me - Fonts Links.pdf,字型說明_Read Me - Fonts Links.pdf,1up5ZwEXiyVUYQV01t2DnfruZn3nYsGDB
檔案,Numbers Slides/Loyalty Program Powerpoint Infographics,Loyalty Program Slides.pptx,會員忠誠計畫簡報-1_Loyalty Program Slides.pptx,1yGeBS-Yviy0er53IES8qhB5JEuTFqfUQ
檔案,Numbers Slides/Loyalty Program Powerpoint Infographics,Read Me - Fonts Links.pdf,字型說明_Read Me - Fonts Links.pdf,11BVU606tdfx-a0G0xcWL9Q0dViudoZ0U
檔案,Numbers Slides/Loyalty Program Slides,Loyalty Program Slides.pptx,會員忠誠計畫簡報-2_Loyalty Program Slides.pptx,1v1qZyDtUUEBSQNKAGy2tydmc6ur_UgKR
檔案,Numbers Slides/Loyalty Program Slides,Read Me - Font Link.pdf,字型說明_Read Me - Font Link.pdf,1RIIsHGKGhcYTOyuozWbR3xdRf1dKzyPa
檔案,Numbers Slides/Manufacturing Slides,Read me - Fonts links.rtf,字型說明_Read me - Fonts links.rtf,1T_y8eQpL-pftxL_RaiW8hIb1GByT2LVf
檔案,Numbers Slides/Manufacturing Slides/Presentation Files,Manufacturing Slides Powerpoint Template.pptx,製造業簡報_Manufacturing Slides Powerpoint Template.pptx,1zL6Gc4yBLPo4iEsAWzLc69tPxVS_IIXf
檔案,Numbers Slides/Marketing Powerpoint Infographics,Marketing Slides.pptx,行銷簡報_Marketing Slides.pptx,1yVBWgy2Wixwkj2A0yiU9YzZaRP6f3i2E
檔案,Numbers Slides/Marketing Powerpoint Infographics,Read Me - Fonts Links.pdf,字型說明_Read Me - Fonts Links.pdf,1dinXQnx9vICXvMmQ1WQCU1jNYqzEc8MV
檔案,Numbers Slides/Marketing Slides,Marketing Powerpoint Slides.pptx,行銷簡報_Marketing Powerpoint Slides.pptx,1L0Bg5m7-4DFFAhXuHNNuy2Kr4wCheiuH
檔案,Numbers Slides/Marketing Slides,Read me - Fonts links.rtf,字型說明_Read me - Fonts links.rtf,1rFV9ACy8St9dlRQZv8Y3MT1X-KFNCht9
檔案,Numbers Slides/Matrix Diagram Powerpoint Infographics,Matrix Diagrams.pptx,矩陣圖資訊圖表_Matrix Diagrams.pptx,1fyWWqo4k2BkEH7zFS-cXkUO8qyaYFZQ8
檔案,Numbers Slides/Matrix Diagram Powerpoint Infographics,Read Me - Fonts Links.pdf,字型說明_Read Me - Fonts Links.pdf,1q3VJwKw69jdFszcqVKkVPh3UpavLDQFD
檔案,Numbers Slides/Matrix Slides,Read me - Fonts links.rtf,字型說明_Read me - Fonts links.rtf,14YSOVRsGJMLkUXAXhG_axXdj5nWFmaBW
檔案,Numbers Slides/Matrix Slides/Presentation Files,Matrix Powerpoint Slides.pptx,矩陣簡報_Matrix Powerpoint Slides.pptx,1w7bq7_JVuhQLDF2eacnmgHxOOKwurOva
檔案,Numbers Slides/McKinsey 7S Model Powerpoint Infographics,McKinsey 7S Model.pptx,麥肯錫7S模型資訊圖表_McKinsey 7S Model.pptx,1JiYT5SDpaCgJjZoBAWTPEYSwzoPh3OJd
檔案,Numbers Slides/McKinsey 7S Model Powerpoint Infographics,Read Me - Fonts Links.pdf,字型說明_Read Me - Fonts Links.pdf,1FKiuJQl-fou7hQIBCuFLCtlpVDSCkwjg
檔案,Numbers Slides/McKinsey 7S Model Slides,McKinsey 7S Model.pptx,麥肯錫7S模型簡報_McKinsey 7S Model.pptx,1gugyxgfoD9TOzLQU-G2-w4wmsRJKpE1w
檔案,Numbers Slides/McKinsey 7S Model Slides,Read Me - Fonts Links.pdf,字型說明_Read Me - Fonts Links.pdf,1NPQDKX9pPy8CUXO9xmtWvLlS1iLTvNNu
檔案,Numbers Slides/Medical Powerpoint Infographics,Medical Infographics.pptx,醫療資訊圖表-1_Medical Infographics.pptx,1TXeOaMmDsjk71FcndkMBmZiuI0ckY8cS
檔案,Numbers Slides/Medical Powerpoint Infographics,Read Me - Fonts Links.pdf,字型說明_Read Me - Fonts Links.pdf,1XhRWSv4x6E6XtHKCoXO6L_413b9VaXgw
檔案,Numbers Slides/Medical Slides,Read me - Fonts links.rtf,字型說明_Read me - Fonts links.rtf,1kukJRe9tLKmVri-gfR1hoK5ECjKZOYDZ
檔案,Numbers Slides/Medical Slides/Presentation,Medical Slides Powerpoint Template.pptx,醫療簡報_Medical Slides Powerpoint Template.pptx,1Pu_BKTj-geYxnDTtHn-KgJJzE9IfdOT-
檔案,Numbers Slides/Medical-Slides,Read Me - Fonts Links.pdf,字型說明_Read Me - Fonts Links.pdf,105LqJ-82e_w-WuLZhlkdnaQ3BfERTqkJ
檔案,Numbers Slides/Medical-Slides/File,Medical Infographics.pptx,醫療資訊圖表-2_Medical Infographics.pptx,17lYq5v2Xjv6zNuo28ptGRpOT0BOSMZ4l
檔案,Numbers Slides/Meeting Powerpoint Infographics,Meeting Slides.pptx,會議簡報-1_Meeting Slides.pptx,1fgUtrv1ckrn6DhD-Elro77v65f2wkMMt
檔案,Numbers Slides/Meeting Powerpoint Infographics,Read Me - Fonts Links.pdf,字型說明_Read Me - Fonts Links.pdf,1-7CJIT9uIFmmKk9x0WFqbdyo31V7W_5n
檔案,Numbers Slides/Meeting Slides,Meeting Slides.pptx,會議簡報-2_Meeting Slides.pptx,1Bsprjf01Bb0KfwSQHgqEw8mrRrtd7xGU
檔案,Numbers Slides/Meeting Slides,Read Me - Font Link.pdf,字型說明_Read Me - Font Link.pdf,1BeVCkYRs3YPKh__NYP1Dz5M-7cMtUdIZ
檔案,Numbers Slides/Mekko Chart Slides,Read me - Fonts links.rtf,字型說明_Read me - Fonts links.rtf,10s8TIZsrVnRe8l9qvs02AyXxwngZ-3j2
檔案,Numbers Slides/Mekko Chart Slides/Presentation,Mekko Chart Slides Powerpoint Template.pptx,馬賽克圖簡報_Mekko Chart Slides Powerpoint Template.pptx,18kCqqkM7X-iwrRUsRbFYY0H5R5aRq-CA
檔案,Numbers Slides/Milestones Powerpoint Infographics,Milestones Infographics.pptx,里程碑資訊圖表_Milestones Infographics.pptx,1zqDj2cK7GZfK-ASnR1iqNqLkNz-ptmIv
檔案,Numbers Slides/Milestones Powerpoint Infographics,Read Me - Fonts Links.pdf,字型說明_Read Me - Fonts Links.pdf,1K_GFp9NpUwjWSz1qQTGRUrbWuVhpqNBy
檔案,Numbers Slides/Milestones Slides,Read me - Fonts links.rtf,字型說明_Read me - Fonts links.rtf,1nTc1xLZ9sB17_eIAlh8QMy9d9rddnew8
檔案,Numbers Slides/Milestones Slides/Presenteton File,Milestones Slides Powerpoint Template.pptx,里程碑簡報_Milestones Slides Powerpoint Template.pptx,1qz0h0HBOmHalwx_epFiXAI6HxhbKV05V
檔案,Numbers Slides/Mind Map Powerpoint Infographics,Mind Map Infographics.pptx,心智圖資訊圖表_Mind Map Infographics.pptx,1xBRCFMAlEVHaUm-mf5QUD6bGXmOeP4hR
檔案,Numbers Slides/Mind Map Powerpoint Infographics,Read Me - Fonts Links.pdf,字型說明_Read Me - Fonts Links.pdf,1RPt0kRAXkWniUFLG4eChffEH0W8qXuS9
檔案,Numbers Slides/Mindmap Slides,Read me - Fonts links.rtf,字型說明_Read me - Fonts links.rtf,1VG39BbB_8KTI7qcUESHcaZStPG7DFMWH
檔案,Numbers Slides/Mindmap Slides/Presentation File,Mindmap Slides Powerpoint Template.pptx,心智圖簡報_Mindmap Slides Powerpoint Template.pptx,1KSKUyFFYHRkpsR5AiZyUYj1KWHDlA6G1
檔案,Numbers Slides/Mission Powerpoint Infographics,Mission Slides.pptx,使命簡報-1_Mission Slides.pptx,11cwSb6mQmKRbS-WBy5ztrEHNU0JekbAp
檔案,Numbers Slides/Mission Powerpoint Infographics,Read Me - Fonts Links.pdf,字型說明_Read Me - Fonts Links.pdf,1BBaquCO69C0JAHyFbNgYBesqRZeTH0OC
檔案,Numbers Slides/Mission Slides,Mission Slides.pptx,使命簡報-2_Mission Slides.pptx,1XcmXluyCsV4y8j9DXpPWY8j-Cr2Gk9jH
檔案,Numbers Slides/Mission Slides,Read Me - Fonts Links.pdf,字型說明_Read Me - Fonts Links.pdf,1PuZy_Ap1xdXjjAOVJeNxtIDYG776Z4nD
檔案,Numbers Slides/Mockup Devices Powerpoint Infographics,Mockup Devices.pptx,裝置樣機資訊圖表_Mockup Devices.pptx,1yItXRrVxwebeHbJ_CSixUaVq7idjU7kU
檔案,Numbers Slides/Mockup Devices Powerpoint Infographics,Read Me - Fonts Links.pdf,字型說明_Read Me - Fonts Links.pdf,1J1b3H20ohYA62-uh0e7lnCCaFfNFI575
檔案,Numbers Slides/Mockup Devices Slides,Mockup Devices.pptx,裝置樣機簡報_Mockup Devices.pptx,1TyvAea0fsPNtyiox_AvCrYIhBnmwS-Pf
檔案,Numbers Slides/Mockup Devices Slides,Read Me - Fonts Links.pdf,字型說明_Read Me - Fonts Links.pdf,1KR0kDDDTsmKxrD2dYAJn2q58L2s77HoA
檔案,Numbers Slides/Money Powerpoint Infographics,Money Infographics.pptx,金錢資訊圖表-1_Money Infographics.pptx,1d_mF6bnZ3GG4hocnVkO-mnPOPn7i53DR
檔案,Numbers Slides/Money Powerpoint Infographics,Read Me - Fonts Links.pdf,字型說明_Read Me - Fonts Links.pdf,1BYJsXn_N5AkGEBCjQafOwD6wGjb7dTJS
檔案,Numbers Slides/Money Slides,Money Infographics.pptx,金錢資訊圖表-2_Money Infographics.pptx,1yEP8mJCMDLf0N5cKq-4eRyPIbR-Ssbe4
檔案,Numbers Slides/Money Slides,Read Me - Fonts Links.pdf,字型說明_Read Me - Fonts Links.pdf,18232vMzq-E8U5x4g_b_H_19qDCIxmftI
檔案,Numbers Slides/Network Powerpoint Infographics,Network Infographics.pptx,網絡資訊圖表-1_Network Infographics.pptx,1ZThkqeI_KgfwwZAR9M-1LAFTPtxECw5u
檔案,Numbers Slides/Network Powerpoint Infographics,Read Me - Fonts Links.pdf,字型說明_Read Me - Fonts Links.pdf,11sjoHHt7E3UIBWTzFVCS4Z6TrdSPqHNU
檔案,Numbers Slides/North America Map Powerpoint Infographics,North America Map Infographics.pptx,北美地圖資訊圖表-1_North America Map Infographics.pptx,1qp48fD6A8tXasj5mwwkH9F5NQElu9VIG
檔案,Numbers Slides/North America Map Powerpoint Infographics,Read Me - Fonts Links.pdf,字型說明_Read Me - Fonts Links.pdf,1DaC-LcSY8iWGiWwQZE4IAnBh_eH4gkH3
檔案,Numbers Slides/Numbers Powerpoint Infographics,Numbers Infographics.pptx,數字資訊圖表-1_Numbers Infographics.pptx,19xlcXH99IAeajyNfqgvhNSi2pHuiW-Wg
檔案,Numbers Slides/Numbers Powerpoint Infographics,Read Me - Fonts Links.pdf,字型說明_Read Me - Fonts Links.pdf,1oP3ySUym31-Xb_bKekX7aaXzpjR2JhL3
檔案,Numbers Slides/Numbers Slides,Numbers Slides.pptx,數字簡報-1_Numbers Slides.pptx,1vb7-l-Si95vmR3oOiUXRXdcpcW_oZZns
檔案,Numbers Slides/Numbers Slides,Read Me - Fonts Links.pdf,字型說明_Read Me - Fonts Links.pdf,1R1i7D5aRXY-93MUPeLNkBPz5A5G4YTXP
檔案,Pyramid Slides/Network Powerpoint Infographics,Network Infographics.pptx,網絡資訊圖表-2_Network Infographics.pptx,1SRF-KpZZUHlEgy4V1wGrXvusiqvZgL_1
檔案,Pyramid Slides/Network Powerpoint Infographics,Read Me - Fonts Links.pdf,字型說明_Read Me - Fonts Links.pdf,1a349vtmKQYoNvibEes5Bou_dY_sfsn3f
檔案,Pyramid Slides/North America Map Powerpoint Infographics,North America Map Infographics.pptx,北美地圖資訊圖表-2_North America Map Infographics.pptx,1cnnXBNe0zVd7tI8Pm9JJYRBdeZzIYB4-
檔案,Pyramid Slides/North America Map Powerpoint Infographics,Read Me - Fonts Links.pdf,字型說明_Read Me - Fonts Links.pdf,1xA4ddFnNNsJ1q0AAR3J3GzWZaOutcHvg
檔案,Pyramid Slides/Numbers Powerpoint Infographics,Numbers Infographics.pptx,數字資訊圖表-2_Numbers Infographics.pptx,1v1G5bmuyaNSqhmUkdzbCicXVQlchQwRl
檔案,Pyramid Slides/Numbers Powerpoint Infographics,Read Me - Fonts Links.pdf,字型說明_Read Me - Fonts Links.pdf,1Y95vanFNJNa0oUg2_c9m9lrIcZjnC_KU
檔案,Pyramid Slides/Numbers Slides,Numbers Slides.pptx,數字簡報-2_Numbers Slides.pptx,1TJTSbWj6ZwjUxn0i1Mr-2EOejW___roO
檔案,Pyramid Slides/Numbers Slides,Read Me - Fonts Links.pdf,字型說明_Read Me - Fonts Links.pdf,16vvZKqHip8yTWZVY4ABfdK8ugtg-lqC9
檔案,Pyramid Slides/Objective Powerpoint Infographics,Objective Slides.pptx,目標簡報-1_Objective Slides.pptx,1q-URvaekQ09MJCHfS3_gAnCWlB2htVDJ
檔案,Pyramid Slides/Objective Powerpoint Infographics,Read Me - Font Link.pdf,字型說明_Read Me - Font Link.pdf,1H0-G45yfjiH_-69lIF0O-DyGrTGr2vi2
檔案,Pyramid Slides/Objective Slides,Objective Slides.pptx,目標簡報-2_Objective Slides.pptx,1-kFJK0R403kjL0RUX538Nl3uYr8qq4yq
檔案,Pyramid Slides/Objective Slides,Read Me - Font Link.pdf,字型說明_Read Me - Font Link.pdf,1cKumVjIxfscRYtVX5ox_xbFYW3mbgK7n
檔案,Pyramid Slides/Oceania Map Powerpoint Infographics,Oceania Map Infographics.pptx,大洋洲地圖資訊圖表_Oceania Map Infographics.pptx,1L-hVG6k0pFrykUIEwYaiEcsc8TywSsxd
檔案,Pyramid Slides/Oceania Map Powerpoint Infographics,Read Me - Fonts Links.pdf,字型說明_Read Me - Fonts Links.pdf,14ePiS8cxk3qe74CeXuxxq4__dnjGO36m
檔案,Pyramid Slides/Office Scenes Powerpoint Infographics,Office Scenes Slides.pptx,辦公室場景簡報-1_Office Scenes Slides.pptx,1uj9XSQ12xTlOjUTYQYsKDn43i7MtFbQy
檔案,Pyramid Slides/Office Scenes Powerpoint Infographics,Read Me - Fonts Links.pdf,字型說明_Read Me - Fonts Links.pdf,1avPW5mWKT0NAha3NA1BAMFcDQSEmX9SO
檔案,Pyramid Slides/Office Scenes Slides,Office Scenes Slides.pptx,辦公室場景簡報-2_Office Scenes Slides.pptx,1u6_glU5yLKD-cNJhCOc9xVu3zLJz2b3_
檔案,Pyramid Slides/Office Scenes Slides,Read Me - Font Link.pdf,字型說明_Read Me - Font Link.pdf,1nwfsYn3MRk28AQFgIbHzvkKj6i2221Q7
檔案,Pyramid Slides/Org Chart Slides,Read me - Fonts links.rtf,字型說明_Read me - Fonts links.rtf,1QqGIy4sOC18Eh_nEZPY-e7dVQhHJwkf3
檔案,Pyramid Slides/Org Chart Slides/Presentation File,Org Chart Slides Powerpoint Template.pptx,組織圖簡報_Org Chart Slides Powerpoint Template.pptx,1QCbe19QC2LesDqdAqfzhlPrf76Ryl7AL
檔案,Pyramid Slides/PESTEL Analysis Powerpoint Infographics,PESTEL Analysis Slides.pptx,PESTEL總體環境分析簡報-1_PESTEL Analysis Slides.pptx,1QJNAWrCdDCchn7t631NPvo68BmLduuPl
檔案,Pyramid Slides/PESTEL Analysis Powerpoint Infographics,Read Me - Font Link.pdf,字型說明_Read Me - Font Link.pdf,1MO4bvWswFUs0xtyQLcykNL2wXc2muJuV
檔案,Pyramid Slides/PESTEL Analysis Slides,PESTEL Analysis Slides.pptx,PESTEL總體環境分析簡報-2_PESTEL Analysis Slides.pptx,1OEp_nxx-jPh5ZZwMlyQpjOj1n96FRRqK
檔案,Pyramid Slides/PESTEL Analysis Slides,Read Me - Font Link.pdf,字型說明_Read Me - Font Link.pdf,1TYeOFM6_YqlcxaLfteR2at7N31r1TYDT
檔案,Pyramid Slides/Performance Powerpoint Infographics,Performance Infographics.pptx,績效資訊圖表_Performance Infographics.pptx,1pUmP9Z1KgWMwH_LEbGj6Ov1woV7966Dc
檔案,Pyramid Slides/Performance Powerpoint Infographics,Read Me - Fonts Links.pdf,字型說明_Read Me - Fonts Links.pdf,1v1Knldd4JFTwfFmgNUJ3FbtpanKklBXp
檔案,Pyramid Slides/Pie Chart Slides,Read me - Fonts links.rtf,字型說明_Read me - Fonts links.rtf,1urfTcyBlceLf7Cu23XdMNDcMqYf6G0tv
檔案,Pyramid Slides/Pie Chart Slides/Presentation File,Pie Chart Slides Powerpoint Template.pptx,圓餅圖簡報_Pie Chart Slides Powerpoint Template.pptx,1ccnIPyYy3BUpJl8-LJ55qp4oASph76v-
檔案,Pyramid Slides/Pillar Powerpoint Infographics,Pillar Infographics.pptx,支柱資訊圖表_Pillar Infographics.pptx,1J3jn0pBO-K-znctDCj8P1oy_8rOE-tTn
檔案,Pyramid Slides/Pillar Powerpoint Infographics,Read Me - Fonts Links.pdf,字型說明_Read Me - Fonts Links.pdf,1qSEjibJAnJ2QZfRhqmRi9nLqvBfK8eiK
檔案,Pyramid Slides/Porter's Five Forces Slides,Porter's Five Forces.pptx,波特五力簡報_Porter's Five Forces.pptx,1w6ouZWPvBXhVBB7F1qIhdZTbRgMi6AUn
檔案,Pyramid Slides/Porter's Five Forces Slides,Read Me - Fonts Links.pdf,字型說明_Read Me - Fonts Links.pdf,1piUgbktMHys71Qx3PYwvj1EB15hLf099
檔案,Pyramid Slides/Porter's Fove Forces Powerpoint Infographics,Porter's Five Forces.pptx,波特五力資訊圖表_Porter's Five Forces.pptx,1_HdkZonVpXrQffHLPUO85oNi4RufB1Ir
檔案,Pyramid Slides/Porter's Fove Forces Powerpoint Infographics,Read Me - Fonts Links.pdf,字型說明_Read Me - Fonts Links.pdf,146kf89Qd8x52H9Rh3oBKUaE3f1gr52PZ
檔案,Pyramid Slides/Pricing Table Powerpoint Infographics,Pricing Tables Slides.pptx,價目表簡報_Pricing Tables Slides.pptx,1Zym05KWvFzoKmhxUUQh19VAb7yx18KjH
檔案,Pyramid Slides/Pricing Table Powerpoint Infographics,Read Me - Fonts Links.pdf,字型說明_Read Me - Fonts Links.pdf,1FjFJnXT9ln97PML82C6nTr6DvW5LpF5v
檔案,Pyramid Slides/Pricing Table Slides,Pricing Table Powerpoint Slides .pptx,價目表簡報_Pricing Table Powerpoint Slides .pptx,1wIoTm3BEkXs6vCD60FsdO-qRYEaXH-th
檔案,Pyramid Slides/Pricing Table Slides,Read me - Fonts links.rtf,字型說明_Read me - Fonts links.rtf,1TtlO9L_iQjW36f6u0mlLDHFnjnIeJxQt
檔案,Pyramid Slides/Problem Powerpoint Infographics,Problem Slides.pptx,問題簡報-1_Problem Slides.pptx,1s4DlFedSWNjG4oYp8nnIolAx6jSFHWG6
檔案,Pyramid Slides/Problem Powerpoint Infographics,Read Me - Font Link.pdf,字型說明_Read Me - Font Link.pdf,14I-52O8otSOXN9th6pS5CvpZHLZVO3K3
檔案,Pyramid Slides/Problem Slides,Problem Slides.pptx,問題簡報-2_Problem Slides.pptx,1Bpa8-cV7vPVHo2jwc5OI0xyBlxQDh_lK
檔案,Pyramid Slides/Problem Slides,Read Me - Font Link.pdf,字型說明_Read Me - Font Link.pdf,1KhP1MrnspyRqLDH8e0V7CsDyq2JZQyTd
檔案,Pyramid Slides/Process Powerpoint Infographics,Process Infographics.pptx,流程步驟資訊圖表-1_Process Infographics.pptx,1WHME-a7Spfdov4ePOg8fa97kWVjDBUyu
檔案,Pyramid Slides/Process Powerpoint Infographics,Read Me - Fonts Links.pdf,字型說明_Read Me - Fonts Links.pdf,1wBwWIt8sKmQ6_MFNgJmHsrh58hvp2chm
檔案,Pyramid Slides/Process Slides/Process Slides V1 Template,Process Powerpoint Slides.pptx,流程步驟簡報_Process Powerpoint Slides.pptx,1EIpcwqnbEDjOyWyPFUC4gGd1hW7LxT0T
檔案,Pyramid Slides/Process Slides/Process Slides V1 Template,Read me - Fonts links.rtf,字型說明_Read me - Fonts links.rtf,12HiF1JNMSep5qIuCUEMAccEJB0dqSa87
檔案,Pyramid Slides/Process Slides/Process Slides V2 Template,Process Infographics.pptx,流程步驟資訊圖表-2_Process Infographics.pptx,186_ReI0zhxZVyNvokO83q_xfa08vuinG
檔案,Pyramid Slides/Process Slides/Process Slides V2 Template,Read Me - Fonts Links.pdf,字型說明_Read Me - Fonts Links.pdf,1wiOXoayNvtdCchqENSHakyql1PacWO0f
檔案,Pyramid Slides/Product Life Cycle Powerpoint Infographics,Product Life Cycle.pptx,產品生命週期資訊圖表_Product Life Cycle.pptx,16gGVB_HV6uv0_KAf3nCovpyG-9wEtXfs
檔案,Pyramid Slides/Product Life Cycle Powerpoint Infographics,Read Me - Fonts Links.pdf,字型說明_Read Me - Fonts Links.pdf,1X3PAuzqQdL06zm59dhR3D5Bwhmwjrwdz
檔案,Pyramid Slides/Product Life Cycle Slides,Product Life Cycle.pptx,產品生命週期簡報_Product Life Cycle.pptx,1409I2W8gCHGBImj0mowro9Q4MvE1yxz1
檔案,Pyramid Slides/Product Life Cycle Slides,Read Me - Font Link.pdf,字型說明_Read Me - Font Link.pdf,1HAFGLMEfSz1JvdXDB9AFMZkGkvr3Uzxk
檔案,Pyramid Slides/Product Roadmap Slides,Product Roadmap Powerpoint Slides.pptx,產品路線圖簡報_Product Roadmap Powerpoint Slides.pptx,1-qDZNRpYxoEwJfbuI82Fy_PJolXdxpiQ
檔案,Pyramid Slides/Product Roadmap Slides,Read me - Fonts links.rtf,字型說明_Read me - Fonts links.rtf,1-rngtBHroQ1dOYAQVJjFT2Cj3GXyDkCm
檔案,Pyramid Slides/Profit and Loss Slides,Read me - Fonts links.rtf,字型說明_Read me - Fonts links.rtf,14vOhHFXCYp9DkXJAQ4mEsJaLiXFiegun
檔案,Pyramid Slides/Profit and Loss Slides/Presentation,Profit and Loss Slides Powerpoint Template.pptx,損益表簡報_Profit and Loss Slides Powerpoint Template.pptx,1Ml5nVto1AzrOwbA7MqNFpgOO3CsJ5dpM
檔案,Pyramid Slides/Progress Powerpoint Infographics,Progress Infographics.pptx,進度資訊圖表-1_Progress Infographics.pptx,1qBriEEMVjFOnBs9bImyKDFGd0TtNlaq7
檔案,Pyramid Slides/Progress Powerpoint Infographics,Read Me - Fonts Links.pdf,字型說明_Read Me - Fonts Links.pdf,1OOeiMYgNkV7sZfiyp3E_KoSU2qLKtSgK
檔案,Pyramid Slides/Progress Slides,Progress Infographics.pptx,進度資訊圖表-2_Progress Infographics.pptx,1_MAmc5BAXM1hrUGizZE6Mi9oa4vu6Cr8
檔案,Pyramid Slides/Progress Slides,Read Me - Fonts Links.pdf,字型說明_Read Me - Fonts Links.pdf,1w5WrH93X4bGMzP3CwDMaGKI_iPvgOx9S
檔案,Pyramid Slides/Project Management Powerpoint Infographics,Project Management Infographics.pptx,專案管理資訊圖表_Project Management Infographics.pptx,15tkIKA6rz8FnkhxSTYkA1fUhmBSb99pz
檔案,Pyramid Slides/Project Management Powerpoint Infographics,Read Me - Fonts Links.pdf,字型說明_Read Me - Fonts Links.pdf,19KfzU7tv4rXNWQMKOQt7fGihrA9MxIUm
檔案,Pyramid Slides/Project Management Slides,Read me - Fonts links.rtf,字型說明_Read me - Fonts links.rtf,1dmPDZI2haUDpksFGw1djinEm7Z5y7tRf
檔案,Pyramid Slides/Project Management Slides/Presentation,Project Management Slides Powerpoint Template.pptx,專案管理簡報_Project Management Slides Powerpoint Template.pptx,10skLmCVXQt8aX7ntXsV2vkwnSm5zXKdl
檔案,Pyramid Slides/Project Proposal Powerpoint Infographics,Project Proposal Slides.pptx,專案提案簡報_Project Proposal Slides.pptx,1jHOXuMzcrRlb_URzlVUaSAPikmn1C-_O
檔案,Pyramid Slides/Project Proposal Powerpoint Infographics,Read Me - Fonts Links.pdf,字型說明_Read Me - Fonts Links.pdf,1CXGLs1YmxoUBedpQZg0guWFZ2Y09adLi
檔案,Pyramid Slides/Project Status Powerpoint Infographics,Project Status.pptx,專案狀態資訊圖表_Project Status.pptx,1SUxjCEfBawvf71U9dWgTHqffi4qMMUN_
檔案,Pyramid Slides/Project Status Powerpoint Infographics,Read Me - Fonts Links.pdf,字型說明_Read Me - Fonts Links.pdf,14wlJhcdzfqbHrnAxWUsupP6XtzAZZyba
檔案,Pyramid Slides/Project Status Slides,Project Status.pptx,專案狀態簡報_Project Status.pptx,1TSXVmJ5p6qlhikYDt2B142BzBmf_Gfme
檔案,Pyramid Slides/Project Status Slides,Read Me - Fonts Links.pdf,字型說明_Read Me - Fonts Links.pdf,1rnPNDPB-IyU_DMdeiOSYn5iUSMwek2Yn
檔案,Pyramid Slides/Psychology Powerpoint Infographics,Psychology Slides.pptx,心理學簡報_Psychology Slides.pptx,1C0tPg7FfJ6UeOaXAsiXMG6DUOuPcFT1k
檔案,Pyramid Slides/Psychology Powerpoint Infographics,Read Me - Fonts Links.pdf,字型說明_Read Me - Fonts Links.pdf,1_6IVxwnlqp8L5M-grJycelUcuDOaAQo3
檔案,Pyramid Slides/Puzzle Powerpoint Infographics,Puzzle Infographics.pptx,拼圖資訊圖表_Puzzle Infographics.pptx,1XWF4jAxsI8hGu5NqUqxybWZpUPqhKGT0
檔案,Pyramid Slides/Puzzle Powerpoint Infographics,Read Me - Fonts Links.pdf,字型說明_Read Me - Fonts Links.pdf,1s3me4eal6r-yue1LXljbEAxqUtUVImJi
檔案,Pyramid Slides/Puzzle Slides,Read me - Fonts links.rtf,字型說明_Read me - Fonts links.rtf,17wIjSFdQ-ySjz3zlOMek_pnr64xLajxz
檔案,Pyramid Slides/Puzzle Slides/Presentation Files,Puzzle Slides Powerpoint Template.pptx,拼圖簡報_Puzzle Slides Powerpoint Template.pptx,1OcP7NpAshhU8M4qPTYuZHUuTH74POvSn
檔案,Pyramid Slides/Pyramid Powerpoint Infographics,Pyramid Infographics.pptx,金字塔資訊圖表_Pyramid Infographics.pptx,1YE79haIQdaYKjDcagovQDeEZsSo0Iq9W
檔案,Pyramid Slides/Pyramid Powerpoint Infographics,Read Me - Fonts Links.pdf,字型說明_Read Me - Fonts Links.pdf,1UdazM6KdTE663ma9uNJ5POAxmSj1P0sY
檔案,Pyramid Slides/Pyramid Slides,Read me - Fonts links.rtf,字型說明_Read me - Fonts links.rtf,1jfdDzOtL4mJaaiqaLBL1frFbAt6jJkOk
檔案,Pyramid Slides/Pyramid Slides/Presentation file,Pyramid Slides Powerpoint Template.pptx,金字塔簡報_Pyramid Slides Powerpoint Template.pptx,10NadpFMap3bGMtFZKJ8oeTOobEAO0u7x
檔案,World Map Slides/TAM SAM SOM Powerpoint Infographics,Read Me - Fonts Links.pdf,字型說明_Read Me - Fonts Links.pdf,1t-uatv01Tlyxm6Z9uoqeOqaWuakeD2f-
檔案,World Map Slides/TAM SAM SOM Powerpoint Infographics,TAM SAM SOM Infographic.pptx,TAM-SAM-SOM市場規模資訊圖表_TAM SAM SOM Infographic.pptx,1fVopDbiMSAYGJsPIkR6grfeeuRVyXz7R
檔案,World Map Slides/Table Powerpoint Infographics,Read Me - Fonts Links.pdf,字型說明_Read Me - Fonts Links.pdf,1EMvnmx98n2ings1EVYIrFxuLk0zmbQbl
檔案,World Map Slides/Table Powerpoint Infographics,Table Slides.pptx,表格簡報_Table Slides.pptx,16iTqU93w5CZaZeLFNSDLaE6qvIyNfDV4
檔案,World Map Slides/Table Slides,Read me - Fonts links.rtf,字型說明_Read me - Fonts links.rtf,13j_Nc8S2rWYUR-tul5mqoiTdfsZpVoHv
檔案,World Map Slides/Table Slides,Table Powerpoint Slides.pptx,表格簡報_Table Powerpoint Slides.pptx,1dDXgg0MeJ2nyJioO8xx05gvuawEblzor
檔案,World Map Slides/Table of Content Powerpoint Slides,Tables of Content.pptx,目錄簡報_Tables of Content.pptx,1hSEljiNMbZGyDXJa-iCQAc3gEGE7iGtu
檔案,World Map Slides/Tables of Content Powerpoint Infographics,Read Me - Fonts Links.pdf,字型說明_Read Me - Fonts Links.pdf,1QWpC4oKQmysL_pqkPDvGuz1qlQ1rVvlc
檔案,World Map Slides/Tables of Content Powerpoint Infographics,Tables of Content.pptx,目錄資訊圖表_Tables of Content.pptx,1IFvkTCGZd3MwMQKayndH98pndl8VHq3v
檔案,World Map Slides/Target Market Powerpoint Infographics,Read Me - Font Link.pdf,字型說明_Read Me - Font Link.pdf,1DTtrCa_5ZK-RA8G5IFKaFa6AG0xza1Jr
檔案,World Map Slides/Target Market Powerpoint Infographics,Target Market Slides.pptx,目標市場簡報-1_Target Market Slides.pptx,19j6Q_-WXA0nFqyE56QOlWjazeNkHcfkR
檔案,World Map Slides/Target Market Slides,Read Me - Font Link.pdf,字型說明_Read Me - Font Link.pdf,1xDmULQWHOnzj4PHqKHDvsPxPz-22rWSC
檔案,World Map Slides/Target Market Slides,Target Market Slides.pptx,目標市場簡報-2_Target Market Slides.pptx,1hz9HcxSQzeWC3snRCxGxLJ0YRspF869E
檔案,World Map Slides/Team Powerpoint Infographics,Read Me - Fonts Links.pdf,字型說明_Read Me - Fonts Links.pdf,1EN989QcVz3VyA0RPC3rZTYVNfnrF8cFK
檔案,World Map Slides/Team Powerpoint Infographics,Team Slides.pptx,團隊簡報-1_Team Slides.pptx,1JUoXnn7NFa6wDBC_8BtjFV8JOzFiEMRK
檔案,World Map Slides/Team Slides,Read Me - Fonts Links.pdf,字型說明_Read Me - Fonts Links.pdf,1eOnUf4XZW4_p-V2EDkaay8ZOdTrFh1Ic
檔案,World Map Slides/Team Slides,Team Slides.pptx,團隊簡報-2_Team Slides.pptx,17WsFhCF2NoS6_9jFS4qaSCBDfZdqnmV6
檔案,World Map Slides/Teamwork Powerpoint Infographics,Read Me - Fonts Links.pdf,字型說明_Read Me - Fonts Links.pdf,1zesydBW0OCMKOJY-OAiNdmhfUZt66o3B
檔案,World Map Slides/Teamwork Powerpoint Infographics,Teamwork Slides.pptx,團隊合作簡報_Teamwork Slides.pptx,1GuJ72i4WU4JR3A6iC1Z-Tum4fvlUtI3A
檔案,World Map Slides/Technology Powerpoint Infographics,Read Me - Fonts Links.pdf,字型說明_Read Me - Fonts Links.pdf,17C74jzJvDuG2EWzLA2YKsoYBfC2gOlLh
檔案,World Map Slides/Technology Powerpoint Infographics,Technology Infographic.pptx,科技資訊圖表_Technology Infographic.pptx,1hCDek-RYWvLkoW9a6SvMhQ1dg0KNeU2M
檔案,World Map Slides/Technology Slides,Read me - Fonts links.rtf,字型說明_Read me - Fonts links.rtf,1Zxomn24rzKdyqtdDeknekb952qpyu0oC
檔案,World Map Slides/Technology Slides/Presentation,Technology Infographics Powerpoint Template.pptx,科技資訊圖表_Technology Infographics Powerpoint Template.pptx,1EXOIk48zugpps_MwN1_JtuYxZJb-Wh30
檔案,World Map Slides/Thank You Powerpoint Infographics,Read Me - Fonts Links.pdf,字型說明_Read Me - Fonts Links.pdf,1GIW8q46Dm_DIj-Vl1Wi_DEJ1qradZVJJ
檔案,World Map Slides/Thank You Powerpoint Infographics,Thank You Slides.pptx,感謝頁簡報-1_Thank You Slides.pptx,1tGBAH2H1eGAOkU4GQz_0QYmmTHrpUJ12
檔案,World Map Slides/Thank You Slides,Read Me - Fonts Links.pdf,字型說明_Read Me - Fonts Links.pdf,1NMYwMqgX5e3eldR10D-620vbyPpu4OCN
檔案,World Map Slides/Thank You Slides,Thank You Slides.pptx,感謝頁簡報-2_Thank You Slides.pptx,1s9v9qR4ApvTvJlbd8HapxS3N6SkY3Tf1
檔案,World Map Slides/Time Management Powerpoint Infographics,Read Me - Fonts Links.pdf,字型說明_Read Me - Fonts Links.pdf,1a-zuKM6nBEXTNz02o41y1Zy0qudNU17c
檔案,World Map Slides/Time Management Powerpoint Infographics,Time Management.pptx,時間管理資訊圖表_Time Management.pptx,1esrXac-NnjF_Ux49t3djSmmTcFTqYIdk
檔案,World Map Slides/Time Management Slides,Read Me - Fonts Links.pdf,字型說明_Read Me - Fonts Links.pdf,1zP3IEBtojB815LPqWeo-sb4hnfvIz1um
檔案,World Map Slides/Time Management Slides,Time Management.pptx,時間管理簡報_Time Management.pptx,19m3JZjFkGCvd-0DwNtRAiVSInjVpAd-O
檔案,World Map Slides/Timeline Powerpoint Infographics,Read Me - Fonts Links.pdf,字型說明_Read Me - Fonts Links.pdf,1p2xTkoTOs28lgZmiqe5ITgZB3pdRA-cY
檔案,World Map Slides/Timeline Powerpoint Infographics,Timeline Infographics.pptx,時間軸資訊圖表-1_Timeline Infographics.pptx,194GKYKV7NNFUti16l2UdMTik4IFbmz4q
檔案,World Map Slides/Timeline Slides,Read me - Fonts links.rtf,字型說明_Read me - Fonts links.rtf,1496kzIoTRm7YnqtEKZh5E78j3JvnXS-c
檔案,World Map Slides/Timeline Slides/Presentation Files,Timeline Infographics.pptx,時間軸資訊圖表-2_Timeline Infographics.pptx,16-MhZGA-VEJd6v5SAiFa44b3MIhi0nCQ
檔案,World Map Slides/Title Powerpoint Infographics,Read Me - Fonts Links.pdf,字型說明_Read Me - Fonts Links.pdf,1SdmoJ7io588kWX5iTbwnqxkahEEHRUHP
檔案,World Map Slides/Title Powerpoint Infographics,Title Slides.pptx,標題頁簡報_Title Slides.pptx,1KBp9qafUgBlHJwxfQXvSiX6zpZGdQITA
檔案,World Map Slides/Training Powerpoint Infographics,Read Me - Fonts Links.pdf,字型說明_Read Me - Fonts Links.pdf,1Qo4Lo1CUo_l0Yt2JIOgmq_1La5gWtarQ
檔案,World Map Slides/Training Powerpoint Infographics,Training Infographics.pptx,教育訓練資訊圖表_Training Infographics.pptx,128tt_ShfRrZ0QTkWJyryTjbVVrgVTvpK
檔案,World Map Slides/Training Slides,Read me - Fonts links.rtf,字型說明_Read me - Fonts links.rtf,1s2QAuy_urYUbzcjBBiPsm8CqY3YGZu5G
檔案,World Map Slides/Training Slides/Presentation File,Training Powerpoint Slides.pptx,教育訓練簡報_Training Powerpoint Slides.pptx,14MxU9-zGaA2epgZV2gVE_YY7FZGk2mGN
檔案,World Map Slides/Transportation and Logistics Powerpoint Infographics,Read Me - Fonts Links.pdf,字型說明_Read Me - Fonts Links.pdf,1fTxXUSg9HkfBMooVTLonYFK26yUFae6f
檔案,World Map Slides/Transportation and Logistics Powerpoint Infographics,Transportation and Logistics Slides.pptx,運輸物流簡報-1_Transportation and Logistics Slides.pptx,1HIxp-Z5_Zd6Y0O98ID4UUVs_owxaDMfO
檔案,World Map Slides/Transportation and Logistics Slides,Transportation and Logistics Slides.pptx,運輸物流簡報-2_Transportation and Logistics Slides.pptx,13TGF6czBNFcNs9b_4tPWU42_bZaz4pU8
檔案,World Map Slides/Travel Powerpoint Infographics,Read Me - Fonts Links.pdf,字型說明_Read Me - Fonts Links.pdf,1is3YH8I0JypHMI0bCFPKU-Z9iAkt1Z7z
檔案,World Map Slides/Travel Powerpoint Infographics,Travel Slides.pptx,旅遊簡報-1_Travel Slides.pptx,1GZ-0hFyr7Y2Ks0ZXtAE3TNKNAtL4uc_4
檔案,World Map Slides/Travel Slides/Template 1,Read me - Fonts links.rtf,字型說明_Read me - Fonts links.rtf,1hwCHg6BYuRP3g3C4pyUXTCxCuURTf2fk
檔案,World Map Slides/Travel Slides/Template 1/Presentation File,Travel Slides PowerPoint Template V1.pptx,旅遊簡報V1_Travel Slides PowerPoint Template V1.pptx,17MpVq0SUCIOM3HKRSNMi23WbkQ-bGJZp
檔案,World Map Slides/Travel Slides/Template 2,Read me - Fonts links.rtf,字型說明_Read me - Fonts links.rtf,1rzz7f8nxWXFIpmPyZIaviNia-j7znZOs
檔案,World Map Slides/Travel Slides/Template 2/Presentation File,Travel Slides PowerPoint Template V2.pptx,旅遊簡報V2_Travel Slides PowerPoint Template V2.pptx,1u7Shzwse5VDRMLKMRUtY25QeFQb7vjJ-
檔案,World Map Slides/Travel Slides/Template 3,Read Me - Fonts Links.pdf,字型說明_Read Me - Fonts Links.pdf,1MxZx4Xk5Mp6CNoXo7yRgszjAb32TIhDO
檔案,World Map Slides/Travel Slides/Template 3,Travel Slides.pptx,旅遊簡報-2_Travel Slides.pptx,1SUXvCA9gR4Ptkxu0WiBUVp35fSOAvG58
檔案,World Map Slides/Tree Diagram Powerpoint Infographics,Read Me - Fonts Links.pdf,字型說明_Read Me - Fonts Links.pdf,1Wuk53jXTbHS3mNnImENUIVok8EZdkC6N
檔案,World Map Slides/Tree Diagram Powerpoint Infographics,Tree Diagram Infographics.pptx,樹狀圖資訊圖表_Tree Diagram Infographics.pptx,1wz_nM0MDpELI7MyX1LgWTUacppsTJVvK
檔案,World Map Slides/United States Map Powerpoint Infographics,Read Me - Fonts Links.pdf,字型說明_Read Me - Fonts Links.pdf,1lXnWfmS_XuYfk8tfKj7eFhIXNbwQ-SEu
檔案,World Map Slides/United States Map Powerpoint Infographics,United States Maps.pptx,美國地圖資訊圖表_United States Maps.pptx,1Gik6Q4P7LpFCAUX2fQgAQdotKJK0WHZn
檔案,World Map Slides/Value Chain Powerpoint Infographics,Read Me - Fonts Links.pdf,字型說明_Read Me - Fonts Links.pdf,13ySKFBF9K9ET_kDnGSoSL4X_BbU5UdTI
檔案,World Map Slides/Value Chain Powerpoint Infographics,Value Chain Infographic.pptx,價值鏈資訊圖表_Value Chain Infographic.pptx,19SoSo3bcFGd-kdI9482Ctbq8IN2TqlOb
檔案,World Map Slides/Value Chain Slides,Read me - Fonts links.rtf,字型說明_Read me - Fonts links.rtf,1vboI2lJYL5Q1qd0xGjmDo-5glFL1Ykxz
檔案,World Map Slides/Value Chain Slides/Presentation,Value Chain Slides Powerpoint Template.pptx,價值鏈簡報_Value Chain Slides Powerpoint Template.pptx,1fFdlmJ7qCOHx2K_ijDnAVJdzi2-ojtae
檔案,World Map Slides/Venn Diagram Powerpoint Infographics,Read Me - Fonts Links.pdf,字型說明_Read Me - Fonts Links.pdf,1sAfUI0FNVrp5iKRQA5CR3h7DgC7PFUBY
檔案,World Map Slides/Venn Diagram Powerpoint Infographics,Venn Diagram Infographics.pptx,文氏圖資訊圖表_Venn Diagram Infographics.pptx,1A9m3lDVnhCd6FVTqX1lbwBuO11SQ9eXg
檔案,World Map Slides/Venn Slides,Read me - Fonts links.rtf,字型說明_Read me - Fonts links.rtf,15ZqLtCv4z7TUIP1cHjheXVzkqqakJkOv
檔案,World Map Slides/Venn Slides/Presentation Files,Venn Powerpoint Template.pptx,文氏圖簡報_Venn Powerpoint Template.pptx,1b7vy-Ao9d1zzcKIovEWXUSz3IpQityWK
檔案,World Map Slides/Veterinary Powerpoint Infographics,Read Me - Fonts Links.pdf,字型說明_Read Me - Fonts Links.pdf,1KbdocO90zHC8B5ccGa3xYMboKDm5IP49
檔案,World Map Slides/Veterinary Powerpoint Infographics,Veterinary Slides.pptx,獸醫簡報_Veterinary Slides.pptx,1nLKAxlWXyLlMo7wqO1gLg8RGNbvx8OWs
檔案,World Map Slides/Vision Powerpoint Infographics,Read Me - Fonts Links.pdf,字型說明_Read Me - Fonts Links.pdf,1rzQrNbnulovRSMcAcVM_FTPHOouNHBtW
檔案,World Map Slides/Vision Powerpoint Infographics,Vision Slides.pptx,願景簡報-1_Vision Slides.pptx,1T-Y6gGdQGYqWCzI8X8H0__Brhy1asBVc
檔案,World Map Slides/Vision Slides,Read Me - Fonts Links.pdf,字型說明_Read Me - Fonts Links.pdf,1B__1dlppzEoFBd7pWZhXne_YhbfgkxV7
檔案,World Map Slides/Vision Slides,Vision Slides.pptx,願景簡報-2_Vision Slides.pptx,16mjhYe30tkGNA-BkzdT07TnVbnRc2i4p
檔案,World Map Slides/Watercolor Powerpoint Infographics,Read Me - Fonts Links.pdf,字型說明_Read Me - Fonts Links.pdf,1hZZI734pAySUN6bJkpwV-v1zwe6jlHSe
檔案,World Map Slides/Watercolor Powerpoint Infographics,Watercolor Infographics.pptx,水彩風資訊圖表_Watercolor Infographics.pptx,1klG2NCcBdCpF92xJPD1PtDUygK51lxuf
檔案,World Map Slides/Waterfall Chart Slides,Read me - Fonts links.rtf,字型說明_Read me - Fonts links.rtf,1mCd3xNQ5B3tPXgEsJI_agP9Z1bVRNlyS
檔案,World Map Slides/Waterfall Chart Slides/Presentation Files,Waterfall Chart Slides PowerPoint Template.pptx,瀑布圖簡報_Waterfall Chart Slides PowerPoint Template.pptx,1KgxQsvcLOwKo1rwDnaB-earSfNP9Rqk3
檔案,World Map Slides/Work From Home Powerpoint Infographics,Read Me - Font Link.pdf,字型說明_Read Me - Font Link.pdf,1LGNN0WxE5oP8mwiCwiPRu1MXTl7Wl4PQ
檔案,World Map Slides/Work From Home Powerpoint Infographics,Work From Home Slides.pptx,居家辦公簡報-1_Work From Home Slides.pptx,1pPFhgorCrCWpcoAWj0jEFHwuopu-Yj-Z
檔案,World Map Slides/Work From Home Slides,Read Me - Font Link.pdf,字型說明_Read Me - Font Link.pdf,15FPJ5Y2jAovYgABHyJNlGGADG2b_S-5J
檔案,World Map Slides/Work From Home Slides/File,Work From Home Slides.pptx,居家辦公簡報-2_Work From Home Slides.pptx,1rVwYXZg64vW3m53ygU5R5RfbCpePXH8t
檔案,World Map Slides/World Map Powerpoint Infographics,Read Me - Fonts Links.pdf,字型說明_Read Me - Fonts Links.pdf,12CS33Su5bE3we-9ZRC7PxD5iKxGRzl2Z
檔案,World Map Slides/World Map Powerpoint Infographics,World Map Infographics.pptx,世界地圖資訊圖表_World Map Infographics.pptx,1vLGXsl0AMCWDHI6KexFhc9FWs-Rrfo4O
檔案,World Map Slides/World Map Slides,Read me - Fonts links.rtf,字型說明_Read me - Fonts links.rtf,1F6Ee06J2gaAGgtjB9DZi9wg1jJefXZxK
檔案,World Map Slides/World Map Slides/Presentation File,Worldmap Slides Powerpoint Template.pptx,世界地圖簡報_Worldmap Slides Powerpoint Template.pptx,1rjFBXxr9Dor1xPvyFg0KizDysb6XmZ7U
資料夾,,Aviation Slides,數字與A開頭版型合集_Aviation Slides,1jYiE2hzLa7EPI-flNXgY1zC74xuheHSY
資料夾,,Cycle Slides,B-C開頭版型合集_Cycle Slides,1i1xHGNRdp59V7ZRBPCxvccNmziLBiP99
資料夾,,Growth Powerpoint Infographics,F-G開頭版型合集_Growth Powerpoint Infographics,1RyCkHwPVf_fA54mjRFPxXJ1WCg4tntX8
資料夾,,IT Architecture Powerpoint Infographics,H-I開頭版型合集_IT Architecture Powerpoint Infographics,1nX1vKqtCvIGV5DMMgk72XmP8-GGXPqQc
資料夾,,Numbers Slides,K-N開頭版型合集_Numbers Slides,1oMdHG7_5LokCN3F1eOeft8UxTdXIX0Iu
資料夾,,Pyramid Slides,N-P開頭版型合集_Pyramid Slides,1JQqK6-6DJVUoJ3iJv0TE0ZRJgGBQy1Zy
資料夾,,World Map Slides,T-W開頭版型合集_World Map Slides,13SZNFSgVsrSWNh2O_p2PvMqwySytQDm5
資料夾,Aviation Slides,30 60 90 Day Plan Powerpoint Infographics,30-60-90天計畫資訊圖表_30 60 90 Day Plan Powerpoint Infographics,1k5Bj-zT7UB0NzumrBX1F0FKBTdCZZQiW
資料夾,Aviation Slides,3D Powerpoint Infographics,3D立體資訊圖表_3D Powerpoint Infographics,1LjMIQQO39qkiINjVrrk8f29REMxSOzy2
資料夾,Aviation Slides,5 STEPS Slides,五步驟簡報_5 STEPS Slides,1Mks3ZYncvJMlTpZHcNFznjYlMF3e0s8-
資料夾,Aviation Slides,5G Powerpoint Infographics,5G通訊資訊圖表_5G Powerpoint Infographics,1A-kVz_3x-A_29eNgLuVmq7eu40H6fYI_
資料夾,Aviation Slides,AIDA Powerpoint Infographics,AIDA行銷模型資訊圖表_AIDA Powerpoint Infographics,1P9XfAvj-yqcVaQr4JMkh20PnF0pfs0Fj
資料夾,Aviation Slides,Africa Map Powerpoint Infographics,非洲地圖資訊圖表_Africa Map Powerpoint Infographics,15ZvF-GBPy_sClNIGucAe0Es-xl1QZ4hH
資料夾,Aviation Slides,Agenda Powerpoint Infographics,議程資訊圖表_Agenda Powerpoint Infographics,1SP3tUz4Q07nY_CNuZ4g-VKlMvM-meb_9
資料夾,Aviation Slides,Agile Powerpoint Infographics,敏捷開發資訊圖表_Agile Powerpoint Infographics,1QVthSIrR1UvgrdgfZ7rpUCOB7V4I5847
資料夾,Aviation Slides,Agriculture Powerpoint Infographics,農業資訊圖表_Agriculture Powerpoint Infographics,1NMcGE9xh78E2aMEfcwcUKo4GojSYLt7V
資料夾,Aviation Slides,Alphabet Powerpoint Infographics,英文字母資訊圖表_Alphabet Powerpoint Infographics,19e2Ybks3uXvOogWfirOXmQnkK6mB3TuS
資料夾,Aviation Slides,Anatomy Powerpoint Infographics,人體解剖資訊圖表_Anatomy Powerpoint Infographics,1j_dQw80mPqI1XEIiSbHhpowFLAAehLJ4
資料夾,Aviation Slides,Annual Report Powerpoint Infographics,年度報告資訊圖表_Annual Report Powerpoint Infographics,1V61ySSK5srlwBHMMh3vIdIy8qf8q7Uau
資料夾,Aviation Slides,Arrow Powerpoint Infographics,箭頭資訊圖表_Arrow Powerpoint Infographics,1IYpFr-dOh3cwum0ZMa1CZsBjO26nwh8Y
資料夾,Aviation Slides,Arrow Slides,箭頭簡報_Arrow Slides,1g7PDJ7sXxaAJE9wMMVl7ln7kTl6AHYmx
資料夾,Aviation Slides,Artificial Intelligence Powerpoint Infographics,人工智慧資訊圖表_Artificial Intelligence Powerpoint Infographics,1d8G6D-KsqRP_xnlKjdTrstooV4CuLKaE
資料夾,Aviation Slides,Artificial Intelligence Slides,人工智慧簡報_Artificial Intelligence Slides,1j_483spKmlXFnfYZf_s9fM35tDI5aTii
資料夾,Aviation Slides,Asia Map Powerpoint Infographics,亞洲地圖資訊圖表_Asia Map Powerpoint Infographics,1Z5RNONJDf9jYm-XCZJDuigUPOy7pEjYr
資料夾,Aviation Slides,Aviation Powerpoint Infographics,航空資訊圖表_Aviation Powerpoint Infographics,1riH4cYVGFbbFwP8eJZL4ktTDyZ4g42nK
資料夾,Aviation Slides,Aviation Slides,航空簡報_Aviation Slides,1bKWPMtUcYfM603CWJnLAZ5PcfoLZ7Ku-
資料夾,Cycle Slides,Big Data Powerpoint Infographics,大數據資訊圖表_Big Data Powerpoint Infographics,18I_QWJaxK-NBfIx9X5rcFfKOaDMw4sNv
資料夾,Cycle Slides,Big Data Slides,大數據簡報_Big Data Slides,14o9BfZtzFMVoeg-iLUaRUkN6yan41yoD
資料夾,Cycle Slides,Blue Ocean Strategy Powerpoint Infographics,藍海策略資訊圖表_Blue Ocean Strategy Powerpoint Infographics,1_voSjMN1wiMfEl2Hrt4UY0grXgbyaRXF
資料夾,Cycle Slides,Blue Ocean Strategy Slides,藍海策略簡報_Blue Ocean Strategy Slides,1W3hJDh1G7mZUrxBTedx2pMW4Yq1Ci7De
資料夾,Cycle Slides,Brain Powerpoint Infographics,大腦資訊圖表_Brain Powerpoint Infographics,1xKkvT-HL387FPWdw2HXJNgDiaK0CEnYc
資料夾,Cycle Slides,Brain Slides,大腦簡報_Brain Slides,1eWs4Ubc1rzd74Map9tNIhQ87jgr2WRpV
資料夾,Cycle Slides,Break Even Analysis Powerpoint Infographics,損益平衡分析資訊圖表_Break Even Analysis Powerpoint Infographics,1OI7drAB7sEE_d1vr0dJNI-mlV-5uxl5A
資料夾,Cycle Slides,Breast Cancer Day Powerpoint Infographics,乳癌防治日資訊圖表_Breast Cancer Day Powerpoint Infographics,10kq31gJc7Hm9OI_cmECzWCfIvfjWl7n6
資料夾,Cycle Slides,Bubble Map Powerpoint Infographics,泡泡圖資訊圖表_Bubble Map Powerpoint Infographics,1Gcmn5J6ht0VHfyK1p-E4Uv2RjpoydzCZ
資料夾,Cycle Slides,Budget Forecasting Powerpoint Infographics,預算預測資訊圖表_Budget Forecasting Powerpoint Infographics,1sp_SuM3I09Z021MNnHFUZ-WGg3kLANou
資料夾,Cycle Slides,Budget Slides,預算簡報_Budget Slides,1MridDAAKBsF8VFBI2P25lpGTLyu4WkNe
資料夾,Cycle Slides,Business Model Canvas,商業模式圖_Business Model Canvas,1weACzCuTCr4wLKx_FuBiVZ84ouGWljvT
資料夾,Cycle Slides,Business Model Canvas Powerpoint Infographics,商業模式圖資訊圖表_Business Model Canvas Powerpoint Infographics,1a7gCKTN6qxL1STNayE2Qy7rRnWrJA-16
資料夾,Cycle Slides,Business People Powerpoint Infographics,商務人物資訊圖表_Business People Powerpoint Infographics,1A1UMuAEh8YsrInwbXId4rrrYBmKlO4Pl
資料夾,Cycle Slides,Business Plan Powerpoint Infographics,營運計畫資訊圖表_Business Plan Powerpoint Infographics,19GPa2BV_U6gPQOE8k-08BgnsqprUJVmL
資料夾,Cycle Slides,Business Plan Slides,營運計畫簡報_Business Plan Slides,16CU0TdTGbwfTQW1JZrU2IsxJYfu8DHly
資料夾,Cycle Slides,Business Powerpoint Infographics,商業資訊圖表_Business Powerpoint Infographics,1P8httRUuVBR9P4Ddl3SVw_CVYKYmNNHO
資料夾,Cycle Slides,Business Slides,商業簡報_Business Slides,1Q_Vll2CQUAds_DQ64vjuQAsMagmSiXyQ
資料夾,Cycle Slides,Business Strategy Powerpoint Infographics,經營策略資訊圖表_Business Strategy Powerpoint Infographics,1MV_ZcnWrKC-9LGHur9MZhFFa8VsLmiuA
資料夾,Cycle Slides,Buyer Persona Powerpoint Infographics,買家人物誌資訊圖表_Buyer Persona Powerpoint Infographics,1_NLPKTOTv4aBQR48n24HaFNy-axc1qBd
資料夾,Cycle Slides,Buyer Persona Slides,買家人物誌簡報_Buyer Persona Slides,1JFtc4Js0V8SUb8SFyymg5p6nJAlqK3u2
資料夾,Cycle Slides,Calendar 2020 Slides,月曆簡報2020_Calendar 2020 Slides,1TySBLIaVuESWsgZFIVAFSklzjorh5Dui
資料夾,Cycle Slides,Calendar 2021 Slides,月曆簡報2021_Calendar 2021 Slides,1-hVYPD-YnrZd1Jynf8XqJXehGFKn2CsA
資料夾,Cycle Slides,Calendar 2022 Slides,月曆簡報2022_Calendar 2022 Slides,10OYc5tUDChk2Ov6KwiozAz3BlXlrCkwc
資料夾,Cycle Slides,Calendar 2023 Slides,月曆簡報2023_Calendar 2023 Slides,1AabgLthlT3SqLPTOCFBnkVN_LhYPXCdj
資料夾,Cycle Slides,Calendar 2024 Slides,月曆簡報2024_Calendar 2024 Slides,11s6lbsM2YJG-7ez9IP6OwH3BuVLRu17s
資料夾,Cycle Slides,Calendar 2025 Slides,月曆簡報2025_Calendar 2025 Slides,1hcmGZrnSfuR9OLeeOtfv6LA26f09647o
資料夾,Cycle Slides,Challenges Powerpoint Infographics,挑戰資訊圖表_Challenges Powerpoint Infographics,1xBeobjIixl_iOcCATkD7M4e77bARNJ1H
資料夾,Cycle Slides,Challenges Slides,挑戰簡報_Challenges Slides,1YGSy5V1J0O3W5sx5G5U2gYNqBaDQYKop
資料夾,Cycle Slides,Change Management Powerpoint Infographics,變革管理資訊圖表_Change Management Powerpoint Infographics,1HOvRAUSAGj6yzWlt3fOgMHp6n2aRUI6B
資料夾,Cycle Slides,Change Management Slides,變革管理簡報_Change Management Slides,1F574Uwgu-NHLogC6boT9H_-7Y3VxMEVW
資料夾,Cycle Slides,Chart Slides,圖表簡報_Chart Slides,1_uH7NiF1kU5aSS9opMsqrLZcSRzcyLlQ
資料夾,Cycle Slides,Circle Powerpoint Infographics,圓形資訊圖表_Circle Powerpoint Infographics,1K02M9FZIcOTjV4JITPVa48awPcLGb4Ee
資料夾,Cycle Slides,Circle Slides,圓形簡報_Circle Slides,1D9YNyZ-gBmawR99122QqDsdF6Bj1Fc8R
資料夾,Cycle Slides,Cloud Powerpoint Infographics,雲端資訊圖表_Cloud Powerpoint Infographics,1xZwdPC1eyqqwBo7IaQaaSWqLHjSHRkzo
資料夾,Cycle Slides,Cloud Slides,雲端簡報_Cloud Slides,1C-Kb-lPArP8DmJFvfj5p-nHdfqf4jJuX
資料夾,Cycle Slides,Communication Powerpoint Infographics,溝通資訊圖表_Communication Powerpoint Infographics,1SKw3TvR03khZU8tW0AJn9rx47VdYT5er
資料夾,Cycle Slides,Communication Slides,溝通簡報_Communication Slides,19pAOrtpa0vtLVxqSaAGGtCDORkz24I4C
資料夾,Cycle Slides,Company Profile Powerpoint Infographics,公司簡介資訊圖表_Company Profile Powerpoint Infographics,1l5g6_Giy0Y3Db4qIj3rdwu-mKH0pSDIZ
資料夾,Cycle Slides,Company Profile Slides,公司簡介簡報_Company Profile Slides,1Lm--_5PQqPEOTZV7zzo85qcrQwQQzU8w
資料夾,Cycle Slides,Comparison Powerpoint Infographics,比較資訊圖表_Comparison Powerpoint Infographics,1k1fdLGqSXVLxqxbtQdSq1ZK_3JqAdk7d
資料夾,Cycle Slides,Comparison Slides,比較簡報_Comparison Slides,1QgUhrBYy4SqABk7Rkxt2fNSQ65hn7a1g
資料夾,Cycle Slides,Concentric Circles Powerpoint Infographics,同心圓資訊圖表_Concentric Circles Powerpoint Infographics,1L6jnKmBtl2EFOIxMWnx3EiXMIUdJ30ES
資料夾,Cycle Slides,Construction Powerpoint Infographics,營建工程資訊圖表_Construction Powerpoint Infographics,1MYTBt5E32oca_vt2Uwma2G587SQYMz_T
資料夾,Cycle Slides,Coronavirus Slides,新冠病毒簡報_Coronavirus Slides,1Oe1MTBGkRrXA5R77mYNJZYPef6XcJLaP
資料夾,Cycle Slides,Coronavirus and Social Distancing Powerpoint Infographics,新冠病毒與社交距離資訊圖表_Coronavirus and Social Distancing Powerpoint Infographics,1c2cnHt0epka3qpjAIodSw4jrpAS6tAQT
資料夾,Cycle Slides,Cover Powerpoint Infographics,封面資訊圖表_Cover Powerpoint Infographics,1deXJs0lx2XEAmRSsA7JxXLkmWdvz3w55
資料夾,Cycle Slides,Credit Card Powerpoint Infographics,信用卡資訊圖表_Credit Card Powerpoint Infographics,16ninkBlCFzXcSnU6JwXjqTbJN47KBZD4
資料夾,Cycle Slides,Credit Card Slides,信用卡簡報_Credit Card Slides,18ElNWHaixF2L_aY2byyv8f8fMrYlowii
資料夾,Cycle Slides,Cryptocurrency Powerpoint Infographics,加密貨幣資訊圖表_Cryptocurrency Powerpoint Infographics,1rT2IyBKIHsJ9Lhk5r8QMZFY7QmoxCNoZ
資料夾,Cycle Slides,Cryptocurrency Slides,加密貨幣簡報_Cryptocurrency Slides,1X9pzXuEw3bS7m2gU7-fbbXy_0Blw0jEU
資料夾,Cycle Slides,Customer Journey Map Slides,顧客旅程地圖簡報_Customer Journey Map Slides,1nyPMaAxUsPYrS01tjb0P3YiKRaz54r59
資料夾,Cycle Slides,Customer Journey Powerpoint Infographics,顧客旅程資訊圖表_Customer Journey Powerpoint Infographics,1z8B3Dtrbvp8EpQiavkovGkXcFnqGfdni
資料夾,Cycle Slides,Customer Profile Powerpoint Infographics,顧客輪廓資訊圖表_Customer Profile Powerpoint Infographics,1TDaFPYfs-f6Qovemo0O5Rk17ydCdFHjq
資料夾,Cycle Slides,Cyber Security Powerpoint Infographics,資訊安全資訊圖表_Cyber Security Powerpoint Infographics,1dEvIPX994yi4l7TmDnpCd4RZKhNCQ_ac
資料夾,Cycle Slides,Cyber Security Slides,資訊安全簡報_Cyber Security Slides,1XcK8B73MiFMEEpJrmSt6cvYIH-1-9FkP
資料夾,Cycle Slides,Cycle Powerpoint Infographics,循環資訊圖表_Cycle Powerpoint Infographics,1AtO8-rIXRnT6pDM4wBEgcQlT7cPOTt1V
資料夾,Cycle Slides,Cycle Slides,循環簡報_Cycle Slides,1xspNLA0m8UkIWL7yKU8JGC__hri-RS2G
資料夾,Cycle Slides/Brain Slides,Brain Slides V1 Template,大腦簡報V1_Brain Slides V1 Template,1X9Q5kDYVJ4rAa-P0KlsqsQwst1K5p4u_
資料夾,Cycle Slides/Brain Slides,Brain Slides V2 Template,大腦簡報V2_Brain Slides V2 Template,1L3X0GK0J21DD1wBewyfOkYjbPUglKemc
資料夾,Cycle Slides/Calendar 2020 Slides,Presentation Files,月曆2020簡報檔_Presentation Files,1TUUYff4_sE8AP50PL4wywdyPipe4j1tA
資料夾,Cycle Slides/Calendar 2021 Slides,Presentation Files,月曆2021簡報檔_Presentation Files,1-WZ-lhzhrG8DfM1huJf5aJSDzi-WsFBI
資料夾,Cycle Slides/Chart Slides,Presentation Files,圖表簡報檔_Presentation Files,1-Uf8Hu-k_3ljgoLP59RTc7hdRqFqEtYo
資料夾,Cycle Slides/Credit Card Slides,File,信用卡簡報檔_File,17dk_wOvP_-1tSw0LPFRjPncWnF2mIfqo
資料夾,Cycle Slides/Customer Journey Map Slides,Presentation File,顧客旅程地圖簡報檔_Presentation File,1HeFgSz4-PBo6wComWvLSa0NVcsj0dbHL
資料夾,Cycle Slides/Cycle Slides,Presentation Files,循環簡報檔_Presentation Files,1yKzk6InTmkqN31xrRH4sNj_usLCvX-a6
資料夾,Growth Powerpoint Infographics,Feedback Powerpoint Infographics,回饋資訊圖表_Feedback Powerpoint Infographics,1P1KDd31k8blC8RpSuS7iLx0R0LQKhtfq
資料夾,Growth Powerpoint Infographics,Finance Powerpoint Infographics,財務資訊圖表_Finance Powerpoint Infographics,1aBvmG1TH0KEP-Kpu2jQ-cm8dqELeeTM1
資料夾,Growth Powerpoint Infographics,Finance Slides,財務簡報_Finance Slides,1js2Ww-VNxeqgVmtd-dVG3raojtSJ1sng
資料夾,Growth Powerpoint Infographics,Fishbone Powerpoint Infographics,魚骨圖資訊圖表_Fishbone Powerpoint Infographics,1nNXQvLE2jUnNf3NFxW_ue2jUBrGz8QW0
資料夾,Growth Powerpoint Infographics,Fishbone Slides,魚骨圖簡報_Fishbone Slides,17iDaX8eJlKVESprFVAm7UynmYN9fkqP_
資料夾,Growth Powerpoint Infographics,Fitness Slides,健身簡報_Fitness Slides,1d0yNgk71-MVddzv61ofy1IKtqQTNQD8I
資料夾,Growth Powerpoint Infographics,Flow Chart Powerpoint Infographics,流程圖資訊圖表_Flow Chart Powerpoint Infographics,1gE8Z45_wNc2-4E_pl0q9_0NNkJyxdMWR
資料夾,Growth Powerpoint Infographics,Flow Slides,流程簡報_Flow Slides,1OnzosE6jDsEJidI6Mu0TLqJJRa-4iafH
資料夾,Growth Powerpoint Infographics,Food Powerpoint Infographics,美食資訊圖表_Food Powerpoint Infographics,1D9S49Fa0_lTgnvnmT4sOfrv2r_CMR0fT
資料夾,Growth Powerpoint Infographics,Food Slides,美食簡報_Food Slides,1mpC-OPzHdbF4jsyH8PRUqU9RIgwt3xh2
資料夾,Growth Powerpoint Infographics,Framework Powerpoint Infographics,框架資訊圖表_Framework Powerpoint Infographics,1-tw-iGNSp7O00JI3E8QiVNPHNz1WPnJR
資料夾,Growth Powerpoint Infographics,Funnel Powerpoint Infographics,漏斗資訊圖表_Funnel Powerpoint Infographics,1oFVjC0LYRPgy6UrVS_5BVZU4VOUbWp-e
資料夾,Growth Powerpoint Infographics,Funnel Slides,漏斗簡報_Funnel Slides,1p86qqcapKGHRe9EIGnR_rIJuOzSnagfc
資料夾,Growth Powerpoint Infographics,Gantt Powerpoint Infographics,甘特圖資訊圖表_Gantt Powerpoint Infographics,1MJjJ09_xvZCbZEtVnSi926JZaH_lpHqe
資料夾,Growth Powerpoint Infographics,Gantt Slides,甘特圖簡報_Gantt Slides,12kzsU3XStl7c-TtfICl-jjNNPPFhdnNM
資料夾,Growth Powerpoint Infographics,Gap Analysis Powerpoint Infographics,差距分析資訊圖表_Gap Analysis Powerpoint Infographics,1Z9_R1Fumkwf80vCA4rf6a5HHqK7nyBOA
資料夾,Growth Powerpoint Infographics,Gap Analysis Slides,差距分析簡報_Gap Analysis Slides,19SflxTwA3cXKODUAs-b5U0eSUZFtyNVK
資料夾,Growth Powerpoint Infographics,Geometric Powerpoint Infographics,幾何資訊圖表_Geometric Powerpoint Infographics,14J4LfjPhqVS5amUXk3YEXLkU5DrM0OSI
資料夾,Growth Powerpoint Infographics,Geometric Slides,幾何簡報_Geometric Slides,1oxWmwA22VkNY6iqAgZLA7Nkkmj7FGHTI
資料夾,Growth Powerpoint Infographics,Goals Powerpoint Infographics,目標資訊圖表_Goals Powerpoint Infographics,1vcMQjTXPgiuCogmuL06oJ_FwnHAfqqrE
資料夾,Growth Powerpoint Infographics,Goals Slides,目標簡報_Goals Slides,1Bg1-fXnT2y9kL-_dPxJqy1Idbg_Af9pm
資料夾,Growth Powerpoint Infographics,Governance Powerpoint Infographics,治理資訊圖表_Governance Powerpoint Infographics,1FhwRPNFQu3TTeAeRSEZfVn3x7v4iLGum
資料夾,Growth Powerpoint Infographics,Growth Powerpoint Infographics,成長資訊圖表_Growth Powerpoint Infographics,1hMK4wj0-mxYHvEDAPa2yL7YD4o8rW3gi
資料夾,Growth Powerpoint Infographics/Fitness Slides,Presentation Files,健身簡報檔_Presentation Files,1fVMlqAZXpRLLUccY1zB2C6UnH31bdD3J
資料夾,Growth Powerpoint Infographics/Funnel Slides,Funnel Slides V1 Powerpoint Template,漏斗簡報V1_Funnel Slides V1 Powerpoint Template,1dyHhm-Sl4Yd98JZOh4hg3wYjCajD4NvH
資料夾,Growth Powerpoint Infographics/Funnel Slides,Funnel Slides V2 Powerpoint Template,漏斗簡報V2_Funnel Slides V2 Powerpoint Template,1Y72-WcqX14WK6L5mlahgc7X0GgFrbEQk
資料夾,Growth Powerpoint Infographics/Funnel Slides,Funnel Slides V3 Powerpoint Template,漏斗簡報V3_Funnel Slides V3 Powerpoint Template,1MBIj5bgQtyXtqjmoDvUhgDJk6TNEfDRq
資料夾,Growth Powerpoint Infographics/Funnel Slides,Funnel Slides V4 Powerpoint Template,漏斗簡報V4_Funnel Slides V4 Powerpoint Template,11OLwghtWFGprzPalByiMfRulNWJjociS
資料夾,Growth Powerpoint Infographics/Funnel Slides,Funnel Slides V5 Powerpoint Template,漏斗簡報V5_Funnel Slides V5 Powerpoint Template,1N83jVK89VbX_ueFyYrXDUCrbFJsAiTed
資料夾,Growth Powerpoint Infographics/Funnel Slides,Funnel Slides V6 Powerpoint Template,漏斗簡報V6_Funnel Slides V6 Powerpoint Template,1UjiPXuR6iejdoz-YpiN8DHja8R9uyyOe
資料夾,Growth Powerpoint Infographics/Funnel Slides/Funnel Slides V1 Powerpoint Template,Presentation file,漏斗V1簡報檔_Presentation file,138Cw2zMvvxSmSv07hETEKn_ZAiZYT8pR
資料夾,Growth Powerpoint Infographics/Funnel Slides/Funnel Slides V2 Powerpoint Template,Presentation file,漏斗V2簡報檔_Presentation file,1nUFFCp4Aj9BXx4Iafo6ktEVkig50bjNp
資料夾,Growth Powerpoint Infographics/Funnel Slides/Funnel Slides V3 Powerpoint Template,Presentation file,漏斗V3簡報檔_Presentation file,1jBp9U4rQmE-GdZJtGCF9snr0L9OjsfId
資料夾,Growth Powerpoint Infographics/Funnel Slides/Funnel Slides V4 Powerpoint Template,Presentation file,漏斗V4簡報檔_Presentation file,1Z5N3Sp3dOhv0fGI1rJ5PX_FNOUoZtwo7
資料夾,Growth Powerpoint Infographics/Funnel Slides/Funnel Slides V5 Powerpoint Template,Presentation file,漏斗V5簡報檔_Presentation file,1PdZv8e_RvgFYQrx7yFl0agFHkySirMG1
資料夾,Growth Powerpoint Infographics/Funnel Slides/Funnel Slides V6 Powerpoint Template,Presentation file,漏斗V6簡報檔_Presentation file,1I2nd6W2wTfZ2uGMduwV5XVjXRsNbBhfd
資料夾,Growth Powerpoint Infographics/Gantt Slides,Gantt Slides V1 Powerpoint Template,甘特圖簡報V1_Gantt Slides V1 Powerpoint Template,1PxPIxEKMneC-_gt1LTO7zzmU1ld_ebGK
資料夾,Growth Powerpoint Infographics/Gantt Slides,Gantt Slides V2 Powerpoint Template,甘特圖簡報V2_Gantt Slides V2 Powerpoint Template,1hKGWv_QvkBmLISuaFe2D4JD_b8diJrXi
資料夾,Growth Powerpoint Infographics/Gantt Slides,Gantt Slides V3 Powerpoint Template,甘特圖簡報V3_Gantt Slides V3 Powerpoint Template,1yGhM758CrHhriNSvF5AoPDZBJV_UZgmG
資料夾,Growth Powerpoint Infographics/Gantt Slides,Gantt Slides V4 Powerpoint Template,甘特圖簡報V4_Gantt Slides V4 Powerpoint Template,124EiPT8BF9k8LsVNvxexjiKx_204WmeZ
資料夾,Growth Powerpoint Infographics/Gantt Slides/Gantt Slides V1 Powerpoint Template,Presentation file,甘特圖V1簡報檔_Presentation file,1LUE5zuZ2bQbKFkyTVaPWMT_YmsYXFiM8
資料夾,Growth Powerpoint Infographics/Gantt Slides/Gantt Slides V2 Powerpoint Template,Presentation file,甘特圖V2簡報檔_Presentation file,1qPO1QMct-zFZ_YYrlSPnsWmb-5gReuOz
資料夾,Growth Powerpoint Infographics/Gantt Slides/Gantt Slides V3 Powerpoint Template,Presentation file,甘特圖V3簡報檔_Presentation file,1KJyc7BpxNw3T9YtCqrCmyo4uRK_s6LHz
資料夾,Growth Powerpoint Infographics/Gantt Slides/Gantt Slides V4 Powerpoint Template,Presentation file,甘特圖V4簡報檔_Presentation file,1v4DaPE9-Yi9b72eXf-DgjWD71ag-n4ts
資料夾,Growth Powerpoint Infographics/Goals Slides,Presentation File,目標簡報檔_Presentation File,1duayltbybPcsYkissvKgmKrb6iTPHUHo
資料夾,IT Architecture Powerpoint Infographics,Harvey Ball Powerpoint Infographics,哈維球資訊圖表_Harvey Ball Powerpoint Infographics,163UY1gRSMwAAUirOaEtm4JSskKbuN-TG
資料夾,IT Architecture Powerpoint Infographics,Harvey Ball Slides,哈維球簡報_Harvey Ball Slides,17FZfKgCyGFzJhdoynfi1a1X07ifC1iBE
資料夾,IT Architecture Powerpoint Infographics,Health Powerpoint Infographics,健康資訊圖表_Health Powerpoint Infographics,1NXKK8_CLesHB3MFuRU1NfRq_6Iee1Qh7
資料夾,IT Architecture Powerpoint Infographics,Health Powerpoint Slides,健康簡報_Health Powerpoint Slides,1hepUpQHrboEVHH_AwQjKp999nnD3bMuF
資料夾,IT Architecture Powerpoint Infographics,Healthcare Slides,醫療照護簡報_Healthcare Slides,1qi4ZaZvMMsBT9KW1XKv6dlW2eNZfW5yV
資料夾,IT Architecture Powerpoint Infographics,Hierarchy Powerpoint Infographics,階層資訊圖表_Hierarchy Powerpoint Infographics,1h2dGljMLtt1Ta4H0fldV1CsK_UT6xPgc
資料夾,IT Architecture Powerpoint Infographics,Hierarchy Slides,階層簡報_Hierarchy Slides,1riPTvVy8dttMF2qdV2oYOt2_R2W74aIr
資料夾,IT Architecture Powerpoint Infographics,Human Resources Powerpoint Infographics,人力資源資訊圖表_Human Resources Powerpoint Infographics,1izXoLlNdHpXjPVk4of5IwkENsbuvSpTf
資料夾,IT Architecture Powerpoint Infographics,Human Resources Slides,人力資源簡報_Human Resources Slides,1xm6W6Ngiu62BsXYhjYZxMjmNcxuC2ISW
資料夾,IT Architecture Powerpoint Infographics,IT Architecture Powerpoint Infographics,IT架構資訊圖表_IT Architecture Powerpoint Infographics,1Si5PMCPB3DhSEI726SnqEybq4ALF-9p1
資料夾,IT Architecture Powerpoint Infographics,Iceberg Powerpoint Infographics,冰山資訊圖表_Iceberg Powerpoint Infographics,1AF_ciAuFRSgBqrBosgSmeqdrRHG53Z8u
資料夾,IT Architecture Powerpoint Infographics,Iceberg Slides,冰山簡報_Iceberg Slides,1qpsWzxCSmc-_A0rt5HLSKNMSyrV25eKl
資料夾,IT Architecture Powerpoint Infographics,Innovation Powerpoint Infographics,創新資訊圖表_Innovation Powerpoint Infographics,1XIHTHe157zmVN_bvU-alAn29312xx4Tz
資料夾,IT Architecture Powerpoint Infographics,Insurance Powerpoint Infographics,保險資訊圖表_Insurance Powerpoint Infographics,1aQohr_e7zkeiaJkyNpykiw3njc2ZM6n2
資料夾,IT Architecture Powerpoint Infographics,Introduction Powerpoint Infographics,介紹資訊圖表_Introduction Powerpoint Infographics,1wAzPcAvlBEmMaZia__5ON_h1FTIVGnYB
資料夾,IT Architecture Powerpoint Infographics,Introduction Slides,介紹簡報_Introduction Slides,1D7t6NTWNo2BCu9YEFCqpbz38sDCwkXgA
資料夾,IT Architecture Powerpoint Infographics,Investment Powerpoint Infographics,投資資訊圖表_Investment Powerpoint Infographics,1c_bpnVqwx8euLdeNHFWM16HfG1Fxi5w5
資料夾,IT Architecture Powerpoint Infographics,Investment Slides,投資簡報_Investment Slides,1hf1V4KZ9lrxzrSyH0Pbf0S-lX5XscEQl
資料夾,IT Architecture Powerpoint Infographics/Harvey Ball Slides,Presentation file,哈維球簡報檔_Presentation file,1ErKL-D-6UaaqPYojLqRIXsrQaIcR9umQ
資料夾,IT Architecture Powerpoint Infographics/Health Powerpoint Slides,Presentation Files,健康簡報檔_Presentation Files,1Jhrr0PlUpS2Iy4kDUzBxjaSrcaZtwwde
資料夾,IT Architecture Powerpoint Infographics/Healthcare Slides,Healthcare Slides V1 Powerpoint Template,醫療照護簡報V1_Healthcare Slides V1 Powerpoint Template,1fWaHLuAGz0dWzYBdV59uACNJii5FKUe2
資料夾,IT Architecture Powerpoint Infographics/Healthcare Slides,Healthcare Slides V2 Powerpoint Template,醫療照護簡報V2_Healthcare Slides V2 Powerpoint Template,1YUcN9N2p3S1dgXbs9PGmaBnsBS68gYAU
資料夾,IT Architecture Powerpoint Infographics/Healthcare Slides,Healthcare Slides V3 Powerpoint Template,醫療照護簡報V3_Healthcare Slides V3 Powerpoint Template,1DVjHrceKsU1Hb5T_MEyrQ7_Gk-MlXfmm
資料夾,IT Architecture Powerpoint Infographics/Healthcare Slides,Healthcare Slides V4 Powerpoint Template,醫療照護簡報V4_Healthcare Slides V4 Powerpoint Template,1YOFNcQz2Otn0stYPhcDH65aWr-GHlFHD
資料夾,IT Architecture Powerpoint Infographics/Healthcare Slides/Healthcare Slides V1 Powerpoint Template,Presentation file,醫療照護V1簡報檔_Presentation file,1ifqSMym6MZO2ACdl0jKmUHVrPOWsCz2I
資料夾,IT Architecture Powerpoint Infographics/Healthcare Slides/Healthcare Slides V2 Powerpoint Template,Presentation file,醫療照護V2簡報檔_Presentation file,1a53VQOL1jhry49oM42TwnlJd9j5AoVMw
資料夾,IT Architecture Powerpoint Infographics/Healthcare Slides/Healthcare Slides V3 Powerpoint Template,Presentation file,醫療照護V3簡報檔_Presentation file,1G1Uqr0_EHdTEcCd1yMPVvccCP_vQhbOJ
資料夾,IT Architecture Powerpoint Infographics/Healthcare Slides/Healthcare Slides V4 Powerpoint Template,Presentation file,醫療照護V4簡報檔_Presentation file,1ElnzEy2XXNUBbH4j3m8kNT3zqHv1ykRC
資料夾,IT Architecture Powerpoint Infographics/Iceberg Slides,Presentation file,冰山簡報檔_Presentation file,1pwEURFuztEftItOziVx4xBcD7Izd-Ghk
資料夾,Numbers Slides,KPI Dashboards Powerpoint Infographics,KPI儀表板資訊圖表_KPI Dashboards Powerpoint Infographics,1E7FEkwauXC14_K87nODuR-yhV-MttFgO
資料夾,Numbers Slides,KPI Slides,KPI績效指標簡報_KPI Slides,1U4LKAAhZF6RuUN3mjjP2tAHqQua12dXT
資料夾,Numbers Slides,Law Powerpoint Infographics,法律資訊圖表_Law Powerpoint Infographics,1VpgJuAj2AoTlJ6EkwxZdaifXbrpJVBQZ
資料夾,Numbers Slides,Leadership Powerpoint Infographics,領導力資訊圖表_Leadership Powerpoint Infographics,1-PUZVr1iBlfYncJ4_c7emW0qufDbFB3J
資料夾,Numbers Slides,Loyalty Program Powerpoint Infographics,會員忠誠計畫資訊圖表_Loyalty Program Powerpoint Infographics,1geMjA1UM2s2XwawXz6ANKZxtHYfavdSL
資料夾,Numbers Slides,Loyalty Program Slides,會員忠誠計畫簡報_Loyalty Program Slides,1oiBt7bKdxJ520zqCr7dSSk1WYznBQDtI
資料夾,Numbers Slides,Manufacturing Slides,製造業簡報_Manufacturing Slides,1YpyTZxcP_O5dwtZrelwDhubIaN0MXD1o
資料夾,Numbers Slides,Marketing Powerpoint Infographics,行銷資訊圖表_Marketing Powerpoint Infographics,1IlwCfE_eWfomfaWXRFGqSDNj6oMmjEWA
資料夾,Numbers Slides,Marketing Slides,行銷簡報_Marketing Slides,13WMcSXXxxZnwwDBn5n46j5p8yk3HO8y9
資料夾,Numbers Slides,Matrix Diagram Powerpoint Infographics,矩陣圖資訊圖表_Matrix Diagram Powerpoint Infographics,1agLL_E0CrwVwOffbhDHQ3mP8Kcn-45wx
資料夾,Numbers Slides,Matrix Slides,矩陣簡報_Matrix Slides,1Swt3Pa6Y8TGQrH1rtEL9gfxUKf8_Nzxf
資料夾,Numbers Slides,McKinsey 7S Model Powerpoint Infographics,麥肯錫7S模型資訊圖表_McKinsey 7S Model Powerpoint Infographics,12ThM6ofy37CkpWGypdwDI0qzGhsg9k2z
資料夾,Numbers Slides,McKinsey 7S Model Slides,麥肯錫7S模型簡報_McKinsey 7S Model Slides,1wThM2ZqnZIFMmWB05UI8Icm0EgMgHrG6
資料夾,Numbers Slides,Medical Powerpoint Infographics,醫療資訊圖表_Medical Powerpoint Infographics,1ZFQ8cXxiwS3iQKqiuXqECP06m0sTq_OJ
資料夾,Numbers Slides,Medical Slides,醫療簡報_Medical Slides,18e0LpBi5ZSPj3aVG5jZacxDSV71T9eg6
資料夾,Numbers Slides,Medical-Slides,醫療簡報_Medical-Slides,1FxCPizOrP_UETzK7ONglmM2TfnYIZqb-
資料夾,Numbers Slides,Meeting Powerpoint Infographics,會議資訊圖表_Meeting Powerpoint Infographics,1Mv6G2H5hpMLfsCUnfBQ6XsvhB_h_kQqF
資料夾,Numbers Slides,Meeting Slides,會議簡報_Meeting Slides,1IRMjHfo0bdFiAM2LIp2aKez7zWIhAtXE
資料夾,Numbers Slides,Mekko Chart Slides,馬賽克圖簡報_Mekko Chart Slides,1Bo-R18nfk4g5CJEWbbLCAt6REdZsPTtH
資料夾,Numbers Slides,Milestones Powerpoint Infographics,里程碑資訊圖表_Milestones Powerpoint Infographics,1q5uSIblS5wLV-8wRv-UdAmu_yB3aHzzW
資料夾,Numbers Slides,Milestones Slides,里程碑簡報_Milestones Slides,1-5KgDxw4e2WNJkJXESINtgHf8zYLSYV-
資料夾,Numbers Slides,Mind Map Powerpoint Infographics,心智圖資訊圖表_Mind Map Powerpoint Infographics,1-TynroN09O0zccOTioWPhfcLP1CZeBt3
資料夾,Numbers Slides,Mindmap Slides,心智圖簡報_Mindmap Slides,1efwlYNYn7cVOldsHofuiKQ8mK2U7ts3k
資料夾,Numbers Slides,Mission Powerpoint Infographics,使命資訊圖表_Mission Powerpoint Infographics,1lKJjVnaB8QfJN2AdRtm_n089dtNDW9Kk
資料夾,Numbers Slides,Mission Slides,使命簡報_Mission Slides,1N8OVOlsmcQR_OVNP9Nje21PVKXmlhhEi
資料夾,Numbers Slides,Mockup Devices Powerpoint Infographics,裝置樣機資訊圖表_Mockup Devices Powerpoint Infographics,1r3SEQuzxmbrfVpmak0f75pRU8oA5DJM1
資料夾,Numbers Slides,Mockup Devices Slides,裝置樣機簡報_Mockup Devices Slides,1pfGtm7PGXYGQ5Wp4G-4WoTPkfp59tkxO
資料夾,Numbers Slides,Money Powerpoint Infographics,金錢資訊圖表_Money Powerpoint Infographics,1pXy3g5TbvH8MOwX7I2tqezktiqU7ZFhx
資料夾,Numbers Slides,Money Slides,金錢簡報_Money Slides,1jpkD60m5vZ3IMxTaPxnfOItXr8PNLjhx
資料夾,Numbers Slides,Network Powerpoint Infographics,網絡資訊圖表-1_Network Powerpoint Infographics,1w8-D9IQ60wV_xnfjoDWdH6N4vCfHHWlp
資料夾,Numbers Slides,North America Map Powerpoint Infographics,北美地圖資訊圖表-1_North America Map Powerpoint Infographics,1yyx8KBOp8rNOCS87nKfG4KhObA14cjgB
資料夾,Numbers Slides,Numbers Powerpoint Infographics,數字資訊圖表-1_Numbers Powerpoint Infographics,1Dr295be4VVDySZsrAIACm0Pqme7Wjosl
資料夾,Numbers Slides,Numbers Slides,數字簡報-1_Numbers Slides,1fccFsKrxWSFpnjZcnPUVf9kaSViCHwiM
資料夾,Numbers Slides/Manufacturing Slides,Presentation Files,製造業簡報檔_Presentation Files,1vFJq7C-tBIXvfD1bMRqOjGXyLRpfZa7-
資料夾,Numbers Slides/Matrix Slides,Presentation Files,矩陣簡報檔_Presentation Files,1QXFUtl_1Nwy_2Cuixiz54In3BH63X2uP
資料夾,Numbers Slides/Medical Slides,Presentation,醫療簡報檔_Presentation,1ibC0iym-75ggTnofXE9Og27Cc9X7sOaw
資料夾,Numbers Slides/Medical-Slides,File,醫療簡報檔_File,1WLFemhCU-BuqTUTek8ILCehM1NfVH9Xd
資料夾,Numbers Slides/Mekko Chart Slides,Presentation,馬賽克圖簡報檔_Presentation,12rI3BdJp47fvz6jd5kHMCxX1hDzOSU4y
資料夾,Numbers Slides/Milestones Slides,Presenteton File,里程碑簡報檔_Presenteton File,1ugHYQpd6lnj7FYrKl-WAvsTjD7DD0p6P
資料夾,Numbers Slides/Mindmap Slides,Presentation File,心智圖簡報檔_Presentation File,1OA5jKzzUyf2OsxwlMrvyuOu9dyZcsb--
資料夾,Pyramid Slides,Network Powerpoint Infographics,網絡資訊圖表-2_Network Powerpoint Infographics,16vRZbOeRFvhy30D-o4u3D3PXnAtMJnKs
資料夾,Pyramid Slides,North America Map Powerpoint Infographics,北美地圖資訊圖表-2_North America Map Powerpoint Infographics,15jGxy-u1umELdpi5_t71p_a78-i1zOEp
資料夾,Pyramid Slides,Numbers Powerpoint Infographics,數字資訊圖表-2_Numbers Powerpoint Infographics,1USltJwPFzfmiiicQQI9VDa2gfBO2M13s
資料夾,Pyramid Slides,Numbers Slides,數字簡報-2_Numbers Slides,1lWm6LnJaZu0YgVYCBRaC2HAndw-0dfcC
資料夾,Pyramid Slides,Objective Powerpoint Infographics,目標資訊圖表_Objective Powerpoint Infographics,1X8ePp7JJ5bOFjnvjPUhlSNz3rTjiLhPv
資料夾,Pyramid Slides,Objective Slides,目標簡報_Objective Slides,1iy5D8RumlpG2aLrfrfpy1D1Ibh2DlJ4p
資料夾,Pyramid Slides,Oceania Map Powerpoint Infographics,大洋洲地圖資訊圖表_Oceania Map Powerpoint Infographics,1Q5wg6KLEdY7A4iieM_MuQzA8sufE7JoM
資料夾,Pyramid Slides,Office Scenes Powerpoint Infographics,辦公室場景資訊圖表_Office Scenes Powerpoint Infographics,1aUyLTAgHp9fiCENgw4SBlslSnTQ3x-ks
資料夾,Pyramid Slides,Office Scenes Slides,辦公室場景簡報_Office Scenes Slides,1y1rXuFtprO5pDEpg39-cWNzR3B897gpO
資料夾,Pyramid Slides,Org Chart Slides,組織圖簡報_Org Chart Slides,1Gsjw8oCRo6Vs9_v2T1lkypr52Tb2iSLh
資料夾,Pyramid Slides,PESTEL Analysis Powerpoint Infographics,PESTEL總體環境分析資訊圖表_PESTEL Analysis Powerpoint Infographics,1r9eupYIfWvl6ZDIbTWMuy0dayMqWg0kf
資料夾,Pyramid Slides,PESTEL Analysis Slides,PESTEL總體環境分析簡報_PESTEL Analysis Slides,1ZHE5OidzbLbd9hMmdFUKzD_vkZL64R29
資料夾,Pyramid Slides,Performance Powerpoint Infographics,績效資訊圖表_Performance Powerpoint Infographics,1aRWF4_LVHpu9mlyV26WbDC83RvQ0w3ZQ
資料夾,Pyramid Slides,Pie Chart Slides,圓餅圖簡報_Pie Chart Slides,1EJgr1hrJyZt31y_WufpxmdbMUNcKo_Hj
資料夾,Pyramid Slides,Pillar Powerpoint Infographics,支柱資訊圖表_Pillar Powerpoint Infographics,1fFiz-Wue0PU1E5rkWkdyPJlFSWf3jt7y
資料夾,Pyramid Slides,Porter's Five Forces Slides,波特五力簡報_Porter's Five Forces Slides,1Cn28i7cE959AwPstrtyLLSzjRJv0hnwU
資料夾,Pyramid Slides,Porter's Fove Forces Powerpoint Infographics,波特五力資訊圖表_Porter's Fove Forces Powerpoint Infographics,1Za5XawQWEny0r-PrZ51ZVr_wgwUjxTf_
資料夾,Pyramid Slides,Pricing Table Powerpoint Infographics,價目表資訊圖表_Pricing Table Powerpoint Infographics,11Z4YqAxH8gEr9zm-XpNV9Yd7YFCm4Ytd
資料夾,Pyramid Slides,Pricing Table Slides,價目表簡報_Pricing Table Slides,19wqSE1zzv6ncczkGm5N5dCvzRCINkd7O
資料夾,Pyramid Slides,Problem Powerpoint Infographics,問題資訊圖表_Problem Powerpoint Infographics,16XyAMnNOPGMabTA55qdCwiSxRkBl8nXH
資料夾,Pyramid Slides,Problem Slides,問題簡報_Problem Slides,1Bi-igcC0TM0fgQoXMfvWeC2RngZ6oL43
資料夾,Pyramid Slides,Process Powerpoint Infographics,流程步驟資訊圖表_Process Powerpoint Infographics,1jsE8de56gx_KOwRneG111xxbE7dAF8Dc
資料夾,Pyramid Slides,Process Slides,流程步驟簡報_Process Slides,13dMGkNUD_Ec3cPyYN1fvA9xarFCcrzXM
資料夾,Pyramid Slides,Product Life Cycle Powerpoint Infographics,產品生命週期資訊圖表_Product Life Cycle Powerpoint Infographics,1kND4QsZs8iAheBeFhd6YSifr1rG_HRtf
資料夾,Pyramid Slides,Product Life Cycle Slides,產品生命週期簡報_Product Life Cycle Slides,1XRgOZjLDN7IfkFQqUPD8E8D6C930Acg1
資料夾,Pyramid Slides,Product Roadmap Slides,產品路線圖簡報_Product Roadmap Slides,1eolkeKjX-fUMONGX-dCJZzbO8IYo4_oS
資料夾,Pyramid Slides,Profit and Loss Slides,損益表簡報_Profit and Loss Slides,1g8dXJzr79v7W-RaZEvKYKreb3I89NqBv
資料夾,Pyramid Slides,Progress Powerpoint Infographics,進度資訊圖表_Progress Powerpoint Infographics,1eVaQUFoIzoCf2Pl-WSrfaccDzb6BG8o9
資料夾,Pyramid Slides,Progress Slides,進度簡報_Progress Slides,1RHlVOJD2_MuLUmjGINN3K45yYS05yJI0
資料夾,Pyramid Slides,Project Management Powerpoint Infographics,專案管理資訊圖表_Project Management Powerpoint Infographics,1VZEFKBIFEQVCGtp5MrDH7nftjnHy5kHb
資料夾,Pyramid Slides,Project Management Slides,專案管理簡報_Project Management Slides,10P60Re9u3pS6ic9w4JiZ9FFwaChr3LvJ
資料夾,Pyramid Slides,Project Proposal Powerpoint Infographics,專案提案資訊圖表_Project Proposal Powerpoint Infographics,1cl2R8SR_aVUEpUkVMzPXWFUE-OWf4Nm3
資料夾,Pyramid Slides,Project Status Powerpoint Infographics,專案狀態資訊圖表_Project Status Powerpoint Infographics,1scokGA8CrCREfsSgLYqGodc7oHLLwR0i
資料夾,Pyramid Slides,Project Status Slides,專案狀態簡報_Project Status Slides,1MWxrSEuB8O0AH_aGpSuR2J6dI7ySjYS4
資料夾,Pyramid Slides,Psychology Powerpoint Infographics,心理學資訊圖表_Psychology Powerpoint Infographics,1PA0Y2JC6uRQzBr2vNewkgM6hzsxGXaex
資料夾,Pyramid Slides,Puzzle Powerpoint Infographics,拼圖資訊圖表_Puzzle Powerpoint Infographics,1MLwqWpMrDuowVIjkrp4YbGXz0yC8-Gga
資料夾,Pyramid Slides,Puzzle Slides,拼圖簡報_Puzzle Slides,1HhbwoOolhrDI6yDzErHPvfwbrmVIDgVz
資料夾,Pyramid Slides,Pyramid Powerpoint Infographics,金字塔資訊圖表_Pyramid Powerpoint Infographics,17Ny33aPSN6-6uA3KbulYLlvMMTGHtabC
資料夾,Pyramid Slides,Pyramid Slides,金字塔簡報_Pyramid Slides,1cZrVwF8rf4_lc51pJDO1lc9Vxs5yp3su
資料夾,Pyramid Slides/Org Chart Slides,Presentation File,組織圖簡報檔_Presentation File,1zs6A6s0vitk_qEwEmKVxNVITQpfT8tCx
資料夾,Pyramid Slides/Pie Chart Slides,Presentation File,圓餅圖簡報檔_Presentation File,1fszTMj-scWpe4dUOpbfARYIBeU7cDrP4
資料夾,Pyramid Slides/Process Slides,Process Slides V1 Template,流程步驟簡報V1_Process Slides V1 Template,1lAL194WrKRBiKI0wp1Z1Nd_qUN48AJ1V
資料夾,Pyramid Slides/Process Slides,Process Slides V2 Template,流程步驟簡報V2_Process Slides V2 Template,1-iTMPE-fmvm2VDfZrOCWCO0KQZn4qg9n
資料夾,Pyramid Slides/Profit and Loss Slides,Presentation,損益表簡報檔_Presentation,1Es4kVKtu9yXBFbjVpyO6nfPl5eEb0a_P
資料夾,Pyramid Slides/Project Management Slides,Presentation,專案管理簡報檔_Presentation,1UZfKqpOLneEDf5wbAZfVI2RwHiZD6iKG
資料夾,Pyramid Slides/Puzzle Slides,Presentation Files,拼圖簡報檔_Presentation Files,1H2MU0-dZ7wk6nNtekgmRYcLNnf1GKD4w
資料夾,Pyramid Slides/Pyramid Slides,Presentation file,金字塔簡報檔_Presentation file,1X3kMTssepZ-OOyC8KRkpoVgHilrKqHOd
資料夾,World Map Slides,TAM SAM SOM Powerpoint Infographics,TAM-SAM-SOM市場規模資訊圖表_TAM SAM SOM Powerpoint Infographics,1CjbruEISV3Fk9cPU-Py4TXph_Zazv4rF
資料夾,World Map Slides,Table Powerpoint Infographics,表格資訊圖表_Table Powerpoint Infographics,1A6D0R6GwBuYpo3VeD_COGErsK49MD0t-
資料夾,World Map Slides,Table Slides,表格簡報_Table Slides,1VAbVS66ssr8fGWzzEDp5lnCf7HcP87BX
資料夾,World Map Slides,Table of Content Powerpoint Slides,目錄簡報_Table of Content Powerpoint Slides,17ciE2ka9ZtTY-dg7M9ADah7cC1-deRuO
資料夾,World Map Slides,Tables of Content Powerpoint Infographics,目錄資訊圖表_Tables of Content Powerpoint Infographics,1uov-Ta5cMz1vAkzekPpS5-tFS1Hy0Sao
資料夾,World Map Slides,Target Market Powerpoint Infographics,目標市場資訊圖表_Target Market Powerpoint Infographics,1_gksq7VZU1WdTBr4wgoumcUrCpbrYn0j
資料夾,World Map Slides,Target Market Slides,目標市場簡報_Target Market Slides,1BGYEKa6bHAc_S7wGXspL2DTz6VE1uK-v
資料夾,World Map Slides,Team Powerpoint Infographics,團隊資訊圖表_Team Powerpoint Infographics,16ZSxQuDhq4efOZ3N6iqeWS-5DIcQIzkC
資料夾,World Map Slides,Team Slides,團隊簡報_Team Slides,1zt9yFwPZ7fqxp6Slqbr7tRRddcUlWX1E
資料夾,World Map Slides,Teamwork Powerpoint Infographics,團隊合作資訊圖表_Teamwork Powerpoint Infographics,1p6ra7X_EL7jIs1juamxfFjHA2NyMJYH2
資料夾,World Map Slides,Technology Powerpoint Infographics,科技資訊圖表_Technology Powerpoint Infographics,1wCynXJiR2sQ55Imsyv68xPYavOXHLf5S
資料夾,World Map Slides,Technology Slides,科技簡報_Technology Slides,1PGl2cxh5y4I6clIcu5EptGTp_LebZSQZ
資料夾,World Map Slides,Thank You Powerpoint Infographics,感謝頁資訊圖表_Thank You Powerpoint Infographics,1RJ2obgQGV1zqbTk18lfm7DKkOSFzzUvx
資料夾,World Map Slides,Thank You Slides,感謝頁簡報_Thank You Slides,1-VRbKLqQpHNvGkkfEhpb3iUX6JX5R67s
資料夾,World Map Slides,Time Management Powerpoint Infographics,時間管理資訊圖表_Time Management Powerpoint Infographics,15wOpTCg82tG6MfyZJCH2Ngk7kK7PaXOv
資料夾,World Map Slides,Time Management Slides,時間管理簡報_Time Management Slides,17A-0oVIGC4RtxZFSzQF5o31HTSCHnawF
資料夾,World Map Slides,Timeline Powerpoint Infographics,時間軸資訊圖表_Timeline Powerpoint Infographics,191y_fQ9LdgHfBqOPr8AHl2Xb0s-ZjepW
資料夾,World Map Slides,Timeline Slides,時間軸簡報_Timeline Slides,1zvLLUeHbbe_JmoS1aS_S9XW97ZkbQT2U
資料夾,World Map Slides,Title Powerpoint Infographics,標題頁資訊圖表_Title Powerpoint Infographics,1yZUx2IwW7h8pO3_t6icf6FGs0aPmBXhd
資料夾,World Map Slides,Training Powerpoint Infographics,教育訓練資訊圖表_Training Powerpoint Infographics,1Ljb91U5vubHkYztsADu7N_IzuaVOsArF
資料夾,World Map Slides,Training Slides,教育訓練簡報_Training Slides,1zp-3lnTX_lj9MF85XUwL24AOVVW2oYmv
資料夾,World Map Slides,Transportation and Logistics Powerpoint Infographics,運輸物流資訊圖表_Transportation and Logistics Powerpoint Infographics,19CMZVslhSXyoP3OZ_y6_FYPtmHQ6MQQy
資料夾,World Map Slides,Transportation and Logistics Slides,運輸物流簡報_Transportation and Logistics Slides,1zdU4C0W8rFyGpf7Ov6KjdQAJsWJ4uLOw
資料夾,World Map Slides,Travel Powerpoint Infographics,旅遊資訊圖表_Travel Powerpoint Infographics,1XGCIBlX96eBBZ15YzDmm_6aVQ7l-Xf8h
資料夾,World Map Slides,Travel Slides,旅遊簡報_Travel Slides,1CUFI5pvR65VRGexDSolsz_cKURKFB9Um
資料夾,World Map Slides,Tree Diagram Powerpoint Infographics,樹狀圖資訊圖表_Tree Diagram Powerpoint Infographics,1Mw6zcodhgh0ipNeSZvpiJyhNaQVW5Vi9
資料夾,World Map Slides,United States Map Powerpoint Infographics,美國地圖資訊圖表_United States Map Powerpoint Infographics,1WxuACfEdsjzcgncw3vw11CvUUTohLPwC
資料夾,World Map Slides,Value Chain Powerpoint Infographics,價值鏈資訊圖表_Value Chain Powerpoint Infographics,1s5Gd_gx7x35iYw1zgMMCW_HDd7KJOnfD
資料夾,World Map Slides,Value Chain Slides,價值鏈簡報_Value Chain Slides,1vrEmhtj1JKCczySvrokRq4WIWqSnndM7
資料夾,World Map Slides,Venn Diagram Powerpoint Infographics,文氏圖資訊圖表_Venn Diagram Powerpoint Infographics,1Kzsjg6TNoIR8kKYJCjEVnX4ge0NFoZm0
資料夾,World Map Slides,Venn Slides,文氏圖簡報_Venn Slides,1o7pXgEty_lx1dzbKlNCIPcvHbiGbbYNp
資料夾,World Map Slides,Veterinary Powerpoint Infographics,獸醫資訊圖表_Veterinary Powerpoint Infographics,1nJnDEvCTfOCP2QtkNf0icj_98ZxNRNd0
資料夾,World Map Slides,Vision Powerpoint Infographics,願景資訊圖表_Vision Powerpoint Infographics,1DkUtUg7h-OnbosfAER3l38idZPjCGzUC
資料夾,World Map Slides,Vision Slides,願景簡報_Vision Slides,1hAbZi0apmanGqZ6DYANu7eWgGlr5W6pU
資料夾,World Map Slides,Watercolor Powerpoint Infographics,水彩風資訊圖表_Watercolor Powerpoint Infographics,17s4uU_qUbr5R6I5uXuYIFfI4JzOXBBdK
資料夾,World Map Slides,Waterfall Chart Slides,瀑布圖簡報_Waterfall Chart Slides,1qApE5Zy1zioCv2yI6CiW7571MfuH_KjB
資料夾,World Map Slides,Work From Home Powerpoint Infographics,居家辦公資訊圖表_Work From Home Powerpoint Infographics,1CriY33dfCOcPc8zPSH2Fv8IVFD552x8s
資料夾,World Map Slides,Work From Home Slides,居家辦公簡報_Work From Home Slides,1WBHzE6lZklpsjrolCkrte9yr3z2ztqcr
資料夾,World Map Slides,World Map Powerpoint Infographics,世界地圖資訊圖表_World Map Powerpoint Infographics,1dToIHKrf650uNJ5YeksyWBTc9Gp0OvGn
資料夾,World Map Slides,World Map Slides,世界地圖簡報_World Map Slides,13iA-OXrwuqKrAxeOoZW6Vfifqsph0yfc
資料夾,World Map Slides/Technology Slides,Presentation,科技簡報檔_Presentation,13XXJ5xo01kfH7KNhjQSkCotE3IxyQMaH
資料夾,World Map Slides/Timeline Slides,Presentation Files,時間軸簡報檔_Presentation Files,10cul3kUG1OMwlDf5OtTqmhkn3dM76giJ
資料夾,World Map Slides/Training Slides,Presentation File,教育訓練簡報檔_Presentation File,1FMRZ1clBr68rNQD3qoyhF5FGKXRTt1_O
資料夾,World Map Slides/Travel Slides,Template 1,旅遊簡報版本1_Template 1,1WTgNrCSHo6DwzAh9Q3Iw_bKIz9K8_1qX
資料夾,World Map Slides/Travel Slides,Template 2,旅遊簡報版本2_Template 2,1GYGMkV6txPxsG5_rnY32D7sP5N_91dIF
資料夾,World Map Slides/Travel Slides,Template 3,旅遊簡報版本3_Template 3,1XKMFq9l6iPgfngDv_QFzCjNCPdeYsXeC
資料夾,World Map Slides/Travel Slides/Template 1,Presentation File,旅遊版本1簡報檔_Presentation File,12nMuSf2aA3LMMZg8aC0ceH_sETCoXq7o
資料夾,World Map Slides/Travel Slides/Template 2,Presentation File,旅遊版本2簡報檔_Presentation File,1cBv0zkPIptOuwf6Xeeh7DbBWW37agnQU
資料夾,World Map Slides/Value Chain Slides,Presentation,價值鏈簡報檔_Presentation,1cIb44UmJlYIDumoiy1iamVTW1Q2izZtg
資料夾,World Map Slides/Venn Slides,Presentation Files,文氏圖簡報檔_Presentation Files,1V6WjLnfg_QYntU3Ka4lLoy51TOXdXIot
資料夾,World Map Slides/Waterfall Chart Slides,Presentation Files,瀑布圖簡報檔_Presentation Files,19sEyfjvGP7YWAgynUpQUxtjwMdEBjOYg
資料夾,World Map Slides/Work From Home Slides,File,居家辦公簡報檔_File,1ulZkBdwGfNmi_0esIG34TttPXNBLUgLn
資料夾,World Map Slides/World Map Slides,Presentation File,世界地圖簡報檔_Presentation File,1xd0sq20ZpnnKVKU3b_CE0kuuQGczunZZ
